Shipment_ID,Date,Origin,Destination,Transport_Mode,Shipment_Volume_m3,Weight_kg,Distance_km,Expected_Time_days,Delivery_Time_days,Delay_days,Transportation_Cost,Fuel_Cost,Handling_Cost,Total_Cost,Customer_Rating,Delivery_Status
SHP0001,2026-05-03,Kolkata,Pune,Road,5.85,211.1,966.0,3.14,3.64,0.98,7039.89,2046.68,165.82,9252.39,4.55,Delayed
SHP0002,2026-03-28,Chennai,Hyderabad,Sea,5.58,351.8,236.5,4.26,5.68,1.0,1198.98,247.75,233.55,1680.28,4.24,Delayed
SHP0003,2026-06-28,Bengaluru,Bengaluru,Rail,14.0,611.3,740.6,3.39,5.9,2.26,7427.22,1713.17,381.24,9521.63,4.13,Delayed
SHP0004,2026-05-11,Delhi,Jaipur,Rail,25.39,1082.5,694.0,3.32,3.76,0.0,10025.13,2324.97,579.25,12929.36,4.93,On Time
SHP0005,2026-02-11,Bengaluru,Jaipur,Road,8.89,409.5,667.7,2.68,2.96,0.0,6401.87,2430.97,272.49,9105.32,4.72,On Time
SHP0006,2026-04-08,Delhi,Ahmedabad,Road,6.88,512.4,1275.5,3.61,4.33,0.0,15853.01,4783.08,233.51,20869.59,5.0,On Time
SHP0007,2026-06-09,Mumbai,Lucknow,Road,3.14,137.4,807.8,2.89,3.09,0.0,4974.7,1742.87,194.03,6911.6,5.0,On Time
SHP0008,2026-04-19,Delhi,Hyderabad,Air,6.58,504.9,1698.9,3.29,5.92,2.69,46638.43,13026.52,237.36,59902.31,3.64,Delayed
SHP0009,2026-02-20,Kolkata,Lucknow,Rail,20.0,928.4,340.7,2.77,4.99,2.1,4300.75,1153.49,490.95,5945.19,3.72,Delayed
SHP0010,2026-03-26,Chennai,Ahmedabad,Rail,5.02,210.6,710.0,3.34,4.65,0.87,4146.06,851.4,217.86,5215.32,3.99,Delayed
SHP0011,2026-06-23,Mumbai,Jaipur,Road,3.75,244.0,686.7,2.71,4.45,2.02,5575.67,1880.71,226.85,7683.22,3.81,Delayed
SHP0012,2026-05-07,Delhi,Lucknow,Sea,14.0,549.9,324.4,4.4,4.85,0.68,2042.72,449.07,395.75,2887.54,4.71,Delayed
SHP0013,2026-01-21,Bengaluru,Lucknow,Air,4.36,349.2,1210.2,2.54,2.88,0.45,25186.73,7352.18,205.23,32744.14,4.61,On Time
SHP0014,2026-02-13,Mumbai,Jaipur,Road,2.11,82.8,2945.4,6.18,6.71,1.27,18850.39,4624.67,211.15,23686.22,3.72,Delayed
SHP0015,2026-05-19,Mumbai,Hyderabad,Road,4.9,253.2,642.9,2.64,3.18,0.49,4930.03,1617.97,222.98,6770.97,4.43,On Time
SHP0016,2026-04-13,Delhi,Jaipur,Road,11.28,728.6,902.6,3.04,2.38,0.0,13449.5,4110.6,368.7,17928.8,5.0,On Time
SHP0017,2026-03-09,Mumbai,Lucknow,Road,4.11,290.4,686.7,2.71,3.79,1.06,5628.35,1733.17,215.15,7576.67,4.92,Delayed
SHP0018,2026-05-09,Bengaluru,Hyderabad,Road,7.91,290.2,408.8,2.28,3.34,0.76,3858.94,1264.4,197.91,5321.25,4.27,Delayed
SHP0019,2026-04-02,Mumbai,Hyderabad,Road,6.99,530.9,199.0,1.96,3.33,1.55,2437.91,691.39,291.45,3420.74,4.39,Delayed
SHP0020,2026-01-24,Bengaluru,Jaipur,Road,6.34,417.8,410.8,2.28,3.76,0.89,4237.65,1484.05,238.94,5960.64,4.1,Delayed
SHP0021,2026-05-05,Delhi,Lucknow,Rail,4.94,281.0,263.0,2.65,2.53,0.39,1540.67,435.42,207.02,2183.11,5.0,On Time
SHP0022,2026-05-21,Chennai,Ahmedabad,Road,5.13,234.0,1967.7,4.68,5.82,0.73,17178.41,4115.14,222.19,21515.74,4.68,Delayed
SHP0023,2026-04-21,Mumbai,Lucknow,Road,28.14,1358.4,603.1,2.58,3.69,0.87,14809.37,5011.16,614.48,20435.0,4.85,Delayed
SHP0024,2026-04-08,Chennai,Pune,Road,9.3,663.9,519.1,2.45,3.39,1.54,7778.95,2166.13,295.38,10240.45,3.55,Delayed
SHP0025,2026-05-19,Bengaluru,Bengaluru,Road,7.51,451.5,1158.5,3.43,4.38,0.0,14188.55,3483.07,234.48,17906.1,5.0,On Time
SHP0026,2026-06-28,Mumbai,Ahmedabad,Air,7.4,467.6,313.5,1.16,1.77,0.64,8990.78,2169.9,297.75,11458.43,4.65,Delayed
SHP0027,2026-01-17,Kolkata,Hyderabad,Road,4.92,319.1,394.9,2.26,2.98,1.03,3511.73,1273.08,204.58,4989.39,4.73,Delayed
SHP0028,2026-04-09,Chennai,Ahmedabad,Road,7.71,415.0,679.4,2.7,2.28,0.08,8026.01,1920.63,245.39,10192.04,5.0,On Time
SHP0029,2026-03-23,Mumbai,Hyderabad,Rail,6.97,299.4,1268.6,4.2,4.12,0.0,7017.81,1944.51,213.0,9175.32,5.0,On Time
SHP0030,2026-04-14,Chennai,Hyderabad,Road,3.07,198.4,900.6,3.04,4.02,1.03,6587.08,2047.28,184.68,8819.04,4.22,Delayed
SHP0031,2026-06-01,Mumbai,Ahmedabad,Rail,7.58,424.2,763.9,3.43,3.46,0.0,6266.41,1544.17,262.97,8073.56,5.0,On Time
SHP0032,2026-01-19,Delhi,Hyderabad,Road,5.19,284.1,683.9,2.7,3.75,1.15,5674.18,1606.36,226.96,7507.5,4.35,Delayed
SHP0033,2026-06-14,Chennai,Hyderabad,Road,12.06,436.6,843.1,2.95,3.17,0.0,8743.18,3036.73,301.14,12081.05,4.69,On Time
SHP0034,2026-03-26,Kolkata,Pune,Sea,13.16,482.6,741.0,5.04,6.52,1.61,4332.91,1065.16,300.9,5698.96,3.79,Delayed
SHP0035,2026-01-08,Kolkata,Lucknow,Sea,11.15,449.5,332.8,4.41,6.62,2.89,2011.58,455.98,342.56,2810.13,2.89,Delayed
SHP0036,2026-01-28,Bengaluru,Lucknow,Air,2.98,188.0,669.8,1.71,1.65,0.0,11171.11,3372.17,225.66,14768.95,4.82,On Time
SHP0037,2026-01-05,Mumbai,Bengaluru,Road,3.48,266.0,323.5,2.15,2.65,1.33,2902.46,921.34,146.74,3970.54,4.65,Delayed
SHP0038,2026-05-25,Chennai,Bengaluru,Road,4.91,287.5,685.2,2.7,2.9,0.07,6615.6,1595.66,263.96,8475.22,5.0,On Time
SHP0039,2026-04-11,Bengaluru,Pune,Rail,9.48,582.8,475.6,2.98,4.23,1.59,4497.83,1051.48,300.6,5849.91,3.94,Delayed
SHP0040,2026-06-13,Chennai,Bengaluru,Road,11.38,566.4,3000.0,6.27,6.66,0.33,35776.47,11745.0,324.62,47846.08,5.0,On Time
SHP0041,2026-04-28,Mumbai,Ahmedabad,Road,5.35,219.0,633.4,2.62,4.36,1.28,5477.06,1416.38,202.46,7095.9,4.0,Delayed
SHP0042,2026-05-27,Kolkata,Jaipur,Road,3.77,146.4,260.9,2.05,1.72,0.0,1671.15,520.1,139.37,2330.61,5.0,On Time
SHP0043,2026-03-05,Delhi,Jaipur,Road,28.33,1110.1,595.7,2.57,3.53,0.59,11276.37,3823.03,664.47,15763.87,4.61,Delayed
SHP0044,2026-04-01,Kolkata,Jaipur,Sea,7.81,439.7,911.0,5.3,5.15,0.0,4773.38,1148.15,233.37,6154.9,5.0,On Time
SHP0045,2026-04-27,Bengaluru,Pune,Road,3.06,133.2,1928.8,4.62,7.65,2.42,12918.72,4322.11,147.82,17388.65,3.12,Delayed
SHP0046,2026-04-08,Delhi,Pune,Rail,4.11,241.5,443.1,2.93,2.8,0.0,2277.7,521.66,228.65,3028.02,4.7,On Time
SHP0047,2026-01-11,Bengaluru,Hyderabad,Road,7.73,596.0,232.4,2.01,3.07,1.35,2814.93,1094.68,193.3,4102.9,3.68,Delayed
SHP0048,2026-02-23,Mumbai,Jaipur,Road,22.45,966.7,1105.3,3.35,4.05,0.46,19573.19,6548.96,470.8,26592.96,4.66,On Time
SHP0049,2026-06-22,Delhi,Ahmedabad,Road,10.71,881.3,265.0,2.06,2.59,0.69,4361.54,1525.25,312.23,6199.02,5.0,Delayed
SHP0050,2026-02-16,Bengaluru,Bengaluru,Road,7.96,429.4,489.5,2.4,3.06,0.95,5451.03,1819.12,273.61,7543.77,4.3,Delayed
SHP0051,2026-05-20,Mumbai,Ahmedabad,Sea,5.95,344.7,549.8,4.75,4.58,0.0,3010.89,587.57,244.12,3842.57,4.82,On Time
SHP0052,2026-05-29,Kolkata,Bengaluru,Air,4.07,176.4,621.2,1.63,2.38,0.76,10923.52,2635.81,182.76,13742.08,4.89,Delayed
SHP0053,2026-05-19,Mumbai,Jaipur,Sea,8.77,361.7,1017.3,5.47,8.02,2.08,5006.71,1134.27,366.51,6507.49,4.23,Delayed
SHP0054,2026-01-05,Chennai,Jaipur,Air,3.24,192.3,416.8,1.32,0.64,0.0,6679.87,1799.42,170.39,8649.68,4.97,On Time
SHP0055,2026-01-20,Mumbai,Jaipur,Rail,6.69,267.6,544.1,3.09,4.82,1.72,3584.29,865.46,232.26,4682.01,4.29,Delayed
SHP0056,2026-06-18,Mumbai,Pune,Sea,9.18,549.6,644.0,4.89,7.16,2.05,3775.22,1050.14,257.33,5082.69,3.5,Delayed
SHP0057,2026-02-15,Chennai,Bengaluru,Road,5.71,298.5,716.4,2.75,2.82,0.0,7018.1,1740.73,227.18,8986.01,5.0,On Time
SHP0058,2026-01-12,Bengaluru,Pune,Road,6.77,286.6,692.7,2.72,3.17,0.0,5661.11,1647.81,263.45,7572.37,5.0,On Time
SHP0059,2026-03-11,Bengaluru,Pune,Road,7.71,333.9,863.0,2.98,4.05,1.1,9066.93,2467.63,300.88,11835.45,4.58,Delayed
SHP0060,2026-01-17,Mumbai,Lucknow,Road,33.32,1198.5,1124.9,3.38,3.57,0.25,23744.56,6998.25,667.55,31410.35,4.13,On Time
SHP0061,2026-04-25,Chennai,Ahmedabad,Road,2.56,163.9,839.0,2.94,5.82,2.67,5822.29,1830.75,157.43,7810.47,3.34,Delayed
SHP0062,2026-05-27,Chennai,Ahmedabad,Road,9.13,404.2,872.9,2.99,3.86,0.83,9621.67,2541.65,300.05,12463.38,4.76,Delayed
SHP0063,2026-06-03,Kolkata,Hyderabad,Air,18.26,839.3,232.4,1.03,0.9,0.0,9117.7,2502.89,469.2,12089.79,4.85,On Time
SHP0064,2026-02-17,Bengaluru,Pune,Road,8.88,333.3,671.6,2.68,2.86,0.0,6088.19,1671.05,280.07,8039.31,5.0,On Time
SHP0065,2026-04-18,Delhi,Bengaluru,Road,9.53,657.3,887.7,3.02,4.68,1.89,12718.97,3753.96,310.56,16783.49,4.17,Delayed
SHP0066,2026-02-21,Bengaluru,Lucknow,Road,3.35,139.6,1044.0,3.26,3.27,0.23,7370.35,2187.76,152.04,9710.16,4.63,On Time
SHP0067,2026-04-06,Bengaluru,Lucknow,Road,6.42,304.4,414.4,2.29,2.95,0.84,3343.61,1147.08,290.09,4780.78,4.55,Delayed
SHP0068,2026-03-11,Kolkata,Ahmedabad,Air,3.37,205.7,423.5,1.33,3.31,1.51,6547.13,2234.89,215.45,8997.47,3.86,Delayed
SHP0069,2026-04-12,Delhi,Pune,Road,6.49,331.3,447.6,2.34,1.53,0.32,4186.89,1448.57,189.74,5825.2,4.76,On Time
SHP0070,2026-03-16,Kolkata,Hyderabad,Sea,5.82,335.4,921.2,5.32,5.96,0.5,4214.68,969.27,187.05,5371.0,4.53,Delayed
SHP0071,2026-06-10,Delhi,Pune,Air,7.57,355.9,1272.8,2.63,3.18,0.53,29729.13,6658.14,219.62,36606.89,5.0,Delayed
SHP0072,2026-05-31,Mumbai,Jaipur,Road,14.34,546.8,498.8,2.42,3.31,1.48,5831.52,2171.36,401.82,8404.71,4.92,Delayed
SHP0073,2026-05-23,Delhi,Pune,Road,1.26,59.7,1172.8,3.45,4.95,1.39,6391.44,2116.32,97.7,8605.46,3.73,Delayed
SHP0074,2026-06-04,Kolkata,Jaipur,Air,5.19,234.9,704.3,1.76,2.25,0.33,12068.65,3779.09,201.88,16049.62,4.15,On Time
SHP0075,2026-06-28,Bengaluru,Jaipur,Rail,7.89,388.7,599.6,3.17,3.99,0.61,4329.04,919.18,277.96,5526.18,4.58,Delayed
SHP0076,2026-03-23,Delhi,Hyderabad,Rail,1.11,86.2,566.6,3.12,2.37,0.18,2115.22,611.61,137.58,2864.42,4.37,On Time
SHP0077,2026-04-02,Delhi,Bengaluru,Air,7.64,485.9,1056.0,2.3,2.78,0.0,25024.5,7155.19,266.6,32446.29,5.0,On Time
SHP0078,2026-06-28,Chennai,Ahmedabad,Road,4.61,232.1,803.2,2.89,3.69,1.06,5749.31,2086.55,165.72,8001.58,4.68,Delayed
SHP0079,2026-06-24,Bengaluru,Pune,Road,5.22,307.9,2853.4,6.04,9.77,3.49,28838.05,8960.09,234.82,38032.97,3.6,Delayed
SHP0080,2026-01-04,Mumbai,Jaipur,Road,8.35,560.3,373.5,2.22,2.48,0.0,4353.41,1379.01,248.91,5981.32,5.0,On Time
SHP0081,2026-05-15,Kolkata,Pune,Air,13.51,673.5,910.3,2.08,1.77,0.0,31493.68,9303.43,351.89,41149.0,4.93,On Time
SHP0082,2026-04-19,Mumbai,Bengaluru,Rail,8.48,494.1,460.8,2.96,3.19,0.0,3383.02,868.78,280.98,4532.77,4.31,On Time
SHP0083,2026-06-12,Bengaluru,Ahmedabad,Road,2.59,160.8,369.4,2.22,3.61,1.52,2341.06,883.13,170.28,3394.47,4.17,Delayed
SHP0084,2026-02-17,Delhi,Bengaluru,Road,9.33,480.6,645.4,2.64,3.17,1.25,7502.97,2187.17,288.86,9979.0,4.34,Delayed
SHP0085,2026-03-14,Delhi,Ahmedabad,Road,7.04,498.4,710.7,2.74,3.79,0.64,8356.12,2997.4,220.52,11574.05,4.87,Delayed
SHP0086,2026-03-13,Bengaluru,Lucknow,Road,11.96,445.5,3000.0,6.27,6.68,0.68,36894.17,8985.87,324.79,46204.83,4.38,Delayed
SHP0087,2026-04-26,Delhi,Ahmedabad,Rail,18.96,732.7,576.7,3.14,3.48,0.64,6750.43,1605.7,461.42,8817.55,4.49,Delayed
SHP0088,2026-06-22,Delhi,Hyderabad,Rail,8.43,361.3,311.8,2.73,2.59,0.0,2283.52,520.81,223.55,3027.88,4.48,On Time
SHP0089,2026-03-22,Delhi,Bengaluru,Air,9.83,717.5,776.2,1.87,2.66,0.69,27358.38,7346.77,280.74,34985.9,3.82,Delayed
SHP0090,2026-03-22,Kolkata,Jaipur,Road,17.46,715.2,168.8,1.91,3.56,1.67,2500.37,735.53,447.85,3683.75,3.69,Delayed
SHP0091,2026-04-23,Kolkata,Lucknow,Road,12.62,506.2,612.3,2.59,2.78,0.0,7075.42,2437.45,302.4,9815.28,4.45,On Time
SHP0092,2026-04-06,Chennai,Hyderabad,Rail,9.9,407.8,656.8,3.26,2.79,0.0,5329.84,1057.93,338.76,6726.52,5.0,On Time
SHP0093,2026-03-13,Mumbai,Pune,Air,6.18,446.9,1089.5,2.35,4.22,2.13,28439.45,7670.63,275.65,36385.73,3.65,Delayed
SHP0094,2026-05-27,Bengaluru,Bengaluru,Rail,18.24,817.9,1223.9,4.13,4.09,0.0,14253.55,3220.34,404.75,17878.65,4.81,On Time
SHP0095,2026-03-04,Bengaluru,Jaipur,Air,15.49,610.9,468.6,1.4,3.75,1.69,13539.58,4529.4,446.25,18515.23,3.73,Delayed
SHP0096,2026-02-07,Bengaluru,Ahmedabad,Road,3.69,174.0,589.4,2.56,3.16,0.65,3774.1,1090.54,181.48,5046.12,3.51,Delayed
SHP0097,2026-03-08,Chennai,Jaipur,Road,9.64,431.3,395.0,2.26,3.28,0.64,4762.28,1218.73,308.12,6289.13,5.0,Delayed
SHP0098,2026-03-10,Kolkata,Pune,Road,3.85,198.9,312.2,2.13,3.38,1.24,2250.29,655.36,171.84,3077.49,3.97,Delayed
SHP0099,2026-01-13,Chennai,Lucknow,Road,4.66,227.8,795.0,2.87,2.7,0.0,6241.56,1869.31,236.2,8347.07,4.86,On Time
SHP0100,2026-06-24,Bengaluru,Lucknow,Road,3.44,274.1,284.0,2.09,2.93,0.93,2223.78,688.6,196.13,3108.51,3.98,Delayed
SHP0101,2026-01-31,Mumbai,Bengaluru,Road,2.89,130.2,496.4,2.41,2.77,0.42,3516.93,962.96,143.57,4623.46,5.0,On Time
SHP0102,2026-04-24,Delhi,Lucknow,Rail,2.54,190.6,340.4,2.77,2.98,0.0,1556.0,458.08,124.85,2138.93,5.0,On Time
SHP0103,2026-01-22,Kolkata,Bengaluru,Road,14.3,754.2,929.1,3.08,4.7,1.14,15597.02,4882.22,326.29,20805.54,4.09,Delayed
SHP0104,2026-04-03,Kolkata,Bengaluru,Road,3.79,226.9,2096.2,4.87,6.34,1.34,15221.55,5171.32,194.71,20587.58,4.13,Delayed
SHP0105,2026-06-20,Chennai,Bengaluru,Sea,11.37,548.5,278.9,4.33,5.14,0.39,2023.37,362.46,344.66,2730.49,5.0,On Time
SHP0106,2026-03-08,Kolkata,Ahmedabad,Road,5.37,380.1,194.9,1.95,1.61,0.0,2088.11,648.55,239.49,2976.15,4.97,On Time
SHP0107,2026-02-23,Bengaluru,Hyderabad,Road,10.82,469.1,599.3,2.57,4.82,2.39,6301.66,1926.35,310.64,8538.65,3.62,Delayed
SHP0108,2026-05-18,Bengaluru,Bengaluru,Air,11.87,480.2,656.7,1.69,2.86,1.43,17723.6,5169.56,293.16,23186.32,3.89,Delayed
SHP0109,2026-02-11,Chennai,Bengaluru,Road,2.7,185.1,749.3,2.8,4.68,1.76,5255.8,1530.52,144.81,6931.13,3.37,Delayed
SHP0110,2026-03-05,Bengaluru,Hyderabad,Road,7.47,546.7,486.3,2.4,2.77,0.49,5633.12,1870.4,294.84,7798.37,4.67,On Time
SHP0111,2026-05-06,Mumbai,Jaipur,Road,2.14,149.4,570.5,2.53,2.78,0.0,4233.72,1110.18,141.58,5485.47,5.0,On Time
SHP0112,2026-01-21,Chennai,Bengaluru,Road,5.75,221.0,825.4,2.92,5.35,2.75,6338.87,2176.46,228.57,8743.9,3.87,Delayed
SHP0113,2026-06-18,Mumbai,Ahmedabad,Sea,9.74,476.3,1278.3,5.87,6.37,0.49,7595.08,1535.01,257.69,9387.78,3.94,On Time
SHP0114,2026-06-01,Delhi,Lucknow,Air,3.45,177.1,182.4,1.0,1.24,0.0,2782.66,807.19,193.86,3783.72,4.61,On Time
SHP0115,2026-02-04,Mumbai,Lucknow,Rail,1.09,79.5,511.4,3.04,3.28,0.97,2010.46,420.72,123.59,2554.76,4.26,Delayed
SHP0116,2026-01-30,Delhi,Pune,Air,9.41,420.0,746.9,1.82,4.28,1.72,20001.73,5289.9,325.94,25617.57,4.05,Delayed
SHP0117,2026-02-26,Delhi,Pune,Air,2.95,114.0,357.9,1.23,1.65,0.53,5014.27,1498.85,200.18,6713.3,4.66,Delayed
SHP0118,2026-02-16,Mumbai,Lucknow,Road,12.66,501.3,2002.7,4.73,6.9,2.88,26410.44,7315.59,330.48,34056.51,3.37,Delayed
SHP0119,2026-06-12,Chennai,Lucknow,Air,6.3,286.2,430.1,1.34,3.02,1.63,9603.7,2308.79,228.99,12141.48,4.24,Delayed
SHP0120,2026-01-19,Bengaluru,Ahmedabad,Road,5.5,416.7,632.8,2.62,2.64,0.0,6182.18,2370.23,199.74,8752.15,4.68,On Time
SHP0121,2026-04-24,Bengaluru,Hyderabad,Air,5.69,412.3,933.0,2.11,2.08,0.0,20942.73,6194.81,172.73,27310.27,5.0,On Time
SHP0122,2026-01-08,Delhi,Pune,Air,6.67,521.8,442.6,1.36,3.21,1.51,13444.46,3372.91,210.11,17027.48,4.32,Delayed
SHP0123,2026-01-26,Delhi,Hyderabad,Road,7.8,484.0,195.7,1.95,2.21,0.0,2221.54,729.86,267.39,3218.78,4.89,On Time
SHP0124,2026-04-23,Chennai,Ahmedabad,Road,2.49,176.0,491.9,2.41,3.16,0.65,3127.0,1125.45,176.28,4428.74,5.0,Delayed
SHP0125,2026-03-12,Kolkata,Lucknow,Road,4.8,296.8,1269.2,3.6,3.76,0.0,10746.41,3072.32,211.52,14030.25,5.0,On Time
SHP0126,2026-01-30,Mumbai,Bengaluru,Road,7.56,416.4,522.2,2.45,2.74,0.32,5705.29,1899.84,245.56,7850.68,5.0,On Time
SHP0127,2026-05-15,Delhi,Hyderabad,Air,19.62,724.5,374.9,1.25,2.12,0.25,13918.06,3527.99,505.89,17951.95,3.81,On Time
SHP0128,2026-03-08,Bengaluru,Lucknow,Air,10.59,486.5,1186.4,2.5,2.17,0.19,28975.18,7560.19,312.83,36848.2,5.0,On Time
SHP0129,2026-03-06,Chennai,Lucknow,Road,17.52,690.8,524.3,2.46,2.75,0.25,6951.77,2639.02,459.95,10050.74,5.0,On Time
SHP0130,2026-02-05,Mumbai,Jaipur,Road,10.02,428.7,466.6,2.37,2.39,0.0,5576.76,1517.78,238.23,7332.78,5.0,On Time
SHP0131,2026-01-25,Chennai,Hyderabad,Road,8.51,616.7,716.3,2.75,6.13,3.09,10298.81,2698.3,135.9,13133.01,3.73,Delayed
SHP0132,2026-02-06,Mumbai,Bengaluru,Road,9.44,397.2,1072.7,3.3,5.67,2.67,11396.09,3600.03,299.9,15296.02,4.09,Delayed
SHP0133,2026-01-01,Mumbai,Hyderabad,Road,9.89,603.0,3000.0,6.27,6.09,0.44,42680.52,14085.35,248.16,57014.03,5.0,On Time
SHP0134,2026-05-23,Delhi,Lucknow,Road,6.17,277.4,1112.8,3.36,5.8,2.38,9489.04,3294.14,223.55,13006.74,4.16,Delayed
SHP0135,2026-02-06,Chennai,Bengaluru,Sea,13.43,769.4,1381.4,6.03,6.27,0.15,12203.13,2953.66,351.18,15507.98,5.0,On Time
SHP0136,2026-05-21,Chennai,Ahmedabad,Road,12.75,455.9,467.8,2.37,3.82,0.93,5098.7,1822.29,405.02,7326.01,4.56,Delayed
SHP0137,2026-05-16,Bengaluru,Jaipur,Road,2.12,130.8,333.7,2.16,2.46,0.74,2055.67,552.9,172.19,2780.76,4.04,Delayed
SHP0138,2026-05-13,Bengaluru,Lucknow,Rail,6.99,424.2,676.9,3.29,3.7,0.0,5350.12,1186.35,251.54,6788.02,4.89,On Time
SHP0139,2026-05-08,Delhi,Pune,Road,13.11,487.4,696.9,2.72,5.33,1.78,7995.29,2793.94,385.2,11174.43,4.16,Delayed
SHP0140,2026-05-07,Delhi,Pune,Sea,6.9,557.0,322.4,4.4,4.94,0.68,2411.2,463.53,257.17,3131.9,4.65,Delayed
SHP0141,2026-01-01,Kolkata,Jaipur,Sea,21.14,913.4,580.0,4.79,4.41,0.07,5261.58,1278.46,484.54,7024.57,4.52,On Time
SHP0142,2026-06-13,Bengaluru,Ahmedabad,Road,5.93,251.1,842.6,2.95,2.8,0.0,7698.34,2195.9,264.21,10158.45,4.43,On Time
SHP0143,2026-02-04,Mumbai,Lucknow,Road,23.27,916.7,821.6,2.91,2.92,0.0,16216.2,4509.12,499.96,21225.28,4.74,On Time
SHP0144,2026-04-14,Chennai,Hyderabad,Road,9.51,344.8,902.1,3.04,3.24,0.0,8161.48,3009.31,302.53,11473.32,5.0,On Time
SHP0145,2026-01-23,Delhi,Jaipur,Road,5.91,214.1,785.3,2.86,3.46,0.81,6533.14,1845.57,172.25,8550.96,5.0,Delayed
SHP0146,2026-01-09,Chennai,Ahmedabad,Road,3.32,254.5,467.5,2.37,2.91,0.0,3838.72,1175.71,186.9,5201.33,5.0,On Time
SHP0147,2026-02-03,Chennai,Hyderabad,Rail,11.86,471.5,465.4,2.97,2.86,0.28,4078.55,1038.16,340.2,5456.91,5.0,On Time
SHP0148,2026-06-23,Kolkata,Pune,Road,4.34,194.4,298.2,2.11,3.67,2.17,2203.49,670.52,256.86,3130.87,3.78,Delayed
SHP0149,2026-05-08,Bengaluru,Pune,Road,6.27,280.3,2073.7,4.84,8.03,2.8,19134.64,4994.0,178.03,24306.66,2.85,Delayed
SHP0150,2026-01-04,Delhi,Hyderabad,Road,5.88,418.3,655.7,2.66,2.63,0.77,6963.19,2190.8,204.8,9358.78,4.42,Delayed
SHP0151,2026-06-07,Chennai,Jaipur,Sea,17.17,766.2,561.6,4.76,5.16,0.46,4353.43,1151.75,457.78,5962.96,4.65,On Time
SHP0152,2026-04-12,Delhi,Pune,Road,15.2,548.3,355.4,2.2,5.97,2.68,4146.96,1521.18,405.32,6073.46,3.35,Delayed
SHP0153,2026-03-16,Mumbai,Lucknow,Road,9.38,352.9,3000.0,6.27,8.38,2.12,28761.9,9824.81,295.22,38881.93,3.85,Delayed
SHP0154,2026-04-09,Kolkata,Bengaluru,Road,8.95,470.3,323.5,2.15,2.23,0.47,3932.52,1229.69,247.6,5409.81,4.89,On Time
SHP0155,2026-03-13,Mumbai,Hyderabad,Sea,5.0,395.4,491.9,4.66,4.64,0.0,2760.92,549.79,189.28,3499.99,5.0,On Time
SHP0156,2026-01-03,Delhi,Hyderabad,Road,2.83,159.1,851.7,2.96,4.14,1.19,6206.65,1967.66,214.55,8388.86,4.25,Delayed
SHP0157,2026-05-22,Delhi,Pune,Rail,21.14,838.1,960.2,3.73,5.16,1.38,10584.66,3106.88,498.71,14190.25,3.58,Delayed
SHP0158,2026-06-22,Bengaluru,Jaipur,Air,17.95,772.8,1211.5,2.54,2.77,0.0,43694.18,11068.24,456.19,55218.6,4.83,On Time
SHP0159,2026-02-03,Chennai,Lucknow,Road,6.37,329.2,2104.7,4.89,6.42,1.89,17658.91,5427.15,230.62,23316.68,3.98,Delayed
SHP0160,2026-02-14,Chennai,Jaipur,Rail,3.35,260.2,903.2,3.64,4.42,0.19,5688.04,1436.06,138.91,7263.01,5.0,On Time
SHP0161,2026-03-02,Mumbai,Ahmedabad,Road,3.04,161.6,327.2,2.15,2.86,0.62,2562.35,761.5,207.47,3531.32,4.46,Delayed
SHP0162,2026-03-24,Kolkata,Ahmedabad,Rail,9.49,486.7,550.0,3.1,3.35,0.0,4364.56,1217.72,308.47,5890.75,5.0,On Time
SHP0163,2026-05-03,Chennai,Bengaluru,Rail,13.12,488.4,794.0,3.47,3.58,0.33,5700.35,1758.63,436.81,7895.79,4.92,On Time
SHP0164,2026-04-12,Bengaluru,Pune,Road,4.56,205.1,2493.2,5.49,8.51,2.57,17523.2,5817.3,166.62,23507.12,3.6,Delayed
SHP0165,2026-01-16,Mumbai,Pune,Road,6.76,398.0,262.0,2.05,2.13,0.17,2827.91,883.64,270.49,3982.05,5.0,On Time
SHP0166,2026-03-07,Mumbai,Pune,Air,11.0,539.0,1420.3,2.86,3.56,0.6,41587.84,11250.67,272.08,53110.59,4.44,Delayed
SHP0167,2026-06-17,Bengaluru,Bengaluru,Road,3.26,249.4,730.6,2.77,2.49,0.04,6460.67,1591.43,184.12,8236.22,4.77,On Time
SHP0168,2026-05-25,Kolkata,Ahmedabad,Road,8.42,305.6,1120.5,3.37,4.19,1.16,9574.26,3352.84,305.79,13232.89,4.36,Delayed
SHP0169,2026-04-29,Bengaluru,Jaipur,Road,5.4,303.8,608.3,2.59,3.41,0.58,5856.97,1692.86,144.61,7694.44,4.46,Delayed
SHP0170,2026-06-11,Kolkata,Bengaluru,Rail,4.19,213.5,375.9,2.83,2.67,0.0,2115.76,498.64,188.33,2802.73,5.0,On Time
SHP0171,2026-05-04,Bengaluru,Bengaluru,Rail,5.47,309.3,1059.0,3.88,5.46,1.88,6431.52,1610.07,198.75,8240.35,3.71,Delayed
SHP0172,2026-05-24,Bengaluru,Jaipur,Road,2.65,115.5,994.6,3.18,4.68,1.73,6378.47,1859.91,143.1,8381.48,4.13,Delayed
SHP0173,2026-04-12,Delhi,Pune,Road,6.66,294.5,1222.7,3.53,3.97,0.2,9984.54,3013.42,253.28,13251.23,4.86,On Time
SHP0174,2026-03-07,Mumbai,Lucknow,Road,6.97,297.2,644.4,2.64,3.72,1.3,5708.19,1652.48,284.66,7645.33,4.36,Delayed
SHP0175,2026-01-13,Bengaluru,Jaipur,Rail,5.4,331.6,440.1,2.93,3.97,1.09,3154.35,623.13,212.57,3990.05,4.24,Delayed
SHP0176,2026-04-21,Bengaluru,Ahmedabad,Road,7.69,450.9,236.0,2.01,3.46,1.44,2586.74,747.16,265.58,3599.48,4.09,Delayed
SHP0177,2026-06-08,Chennai,Hyderabad,Rail,2.14,152.9,1107.2,3.95,3.28,0.0,5722.09,1406.47,162.54,7291.1,5.0,On Time
SHP0178,2026-02-03,Mumbai,Hyderabad,Road,3.88,172.7,856.2,2.97,4.26,1.81,6269.77,1648.63,189.99,8108.39,4.08,Delayed
SHP0179,2026-02-08,Chennai,Bengaluru,Sea,2.65,210.1,347.0,4.43,4.55,0.0,1306.6,281.97,129.66,1718.23,5.0,On Time
SHP0180,2026-05-16,Mumbai,Hyderabad,Road,3.07,142.1,458.0,2.35,2.54,0.44,3140.97,942.0,213.97,4296.93,5.0,On Time
SHP0181,2026-04-30,Chennai,Lucknow,Road,12.43,479.6,479.9,2.39,6.2,3.44,5568.3,1795.72,354.06,7718.08,2.76,Delayed
SHP0182,2026-05-06,Bengaluru,Pune,Road,6.37,242.7,247.9,2.03,3.47,1.1,1977.34,552.1,248.52,2777.96,4.37,Delayed
SHP0183,2026-02-24,Bengaluru,Ahmedabad,Sea,6.48,337.7,382.0,4.49,4.9,0.16,1748.29,458.41,208.37,2415.07,4.36,On Time
SHP0184,2026-01-27,Delhi,Lucknow,Air,3.85,198.8,311.1,1.15,1.79,0.0,5269.41,1535.94,173.17,6978.51,5.0,On Time
SHP0185,2026-04-28,Chennai,Ahmedabad,Road,3.65,276.0,497.1,2.41,4.58,2.19,3861.14,1211.17,179.57,5251.88,3.41,Delayed
SHP0186,2026-02-22,Kolkata,Ahmedabad,Rail,9.29,408.9,402.1,2.87,3.1,0.0,2667.07,669.72,233.61,3570.39,4.9,On Time
SHP0187,2026-02-08,Delhi,Pune,Air,10.56,420.1,225.7,1.02,0.82,0.0,5438.58,1704.29,251.01,7393.88,4.87,On Time
SHP0188,2026-03-06,Chennai,Bengaluru,Rail,2.83,177.7,2420.3,5.97,7.85,1.02,11597.95,3126.88,149.87,14874.71,4.54,Delayed
SHP0189,2026-05-25,Chennai,Hyderabad,Road,6.14,327.9,1467.2,3.91,6.82,2.22,15202.87,4497.84,248.89,19949.6,3.59,Delayed
SHP0190,2026-06-07,Delhi,Pune,Road,5.11,201.0,391.7,2.25,3.83,1.57,2878.64,782.86,189.11,3850.6,3.93,Delayed
SHP0191,2026-01-13,Bengaluru,Lucknow,Road,8.35,320.8,775.9,2.84,3.62,0.64,7662.41,2164.65,234.68,10061.75,5.0,Delayed
SHP0192,2026-01-21,Chennai,Bengaluru,Air,3.66,230.4,852.6,1.99,3.32,0.86,15739.3,4210.03,157.38,20106.71,4.63,Delayed
SHP0193,2026-05-27,Bengaluru,Lucknow,Sea,18.04,866.8,1409.8,6.07,6.02,0.0,13394.81,2625.73,428.74,16449.28,4.8,On Time
SHP0194,2026-02-22,Delhi,Bengaluru,Rail,8.1,537.3,381.8,2.84,3.3,0.69,3102.83,793.86,253.47,4150.16,4.53,Delayed
SHP0195,2026-01-19,Bengaluru,Lucknow,Road,5.87,430.4,1321.9,3.68,4.86,0.87,15904.03,4611.4,301.38,20816.82,5.0,Delayed
SHP0196,2026-02-26,Mumbai,Pune,Road,7.72,290.4,455.2,2.35,4.15,1.77,4063.34,1171.5,295.84,5530.68,3.94,Delayed
SHP0197,2026-01-25,Kolkata,Bengaluru,Rail,13.72,545.9,272.8,2.67,4.25,1.52,2564.45,631.25,402.77,3598.47,3.92,Delayed
SHP0198,2026-01-31,Chennai,Bengaluru,Air,8.06,333.5,1040.7,2.28,3.03,1.04,21881.47,6699.93,305.92,28887.32,4.19,Delayed
SHP0199,2026-03-22,Kolkata,Ahmedabad,Air,10.47,819.4,1504.1,2.99,3.38,0.99,51352.38,14966.18,273.54,66592.1,4.26,Delayed
SHP0200,2026-01-23,Bengaluru,Ahmedabad,Air,14.68,575.8,3000.0,5.29,7.46,2.09,92895.26,26991.9,341.5,120228.66,3.64,Delayed
SHP0201,2026-02-01,Chennai,Jaipur,Rail,5.22,274.8,298.0,2.71,3.48,0.46,1576.28,375.33,175.28,2126.89,4.3,On Time
SHP0202,2026-03-15,Bengaluru,Lucknow,Road,13.45,769.3,1023.8,3.23,3.15,0.0,16036.69,5651.68,408.73,22097.09,4.61,On Time
SHP0203,2026-01-10,Mumbai,Ahmedabad,Road,6.04,291.3,498.0,2.42,3.32,0.4,4093.64,1212.62,209.61,5515.87,4.49,On Time
SHP0204,2026-02-23,Delhi,Jaipur,Air,12.04,894.0,1081.6,2.34,2.73,0.63,44838.68,10619.19,292.83,55750.7,4.86,Delayed
SHP0205,2026-02-21,Chennai,Ahmedabad,Rail,19.08,791.4,249.9,2.63,3.73,1.46,3111.15,722.41,448.31,4281.87,4.06,Delayed
SHP0206,2026-05-28,Mumbai,Lucknow,Road,8.69,407.6,286.1,2.09,2.68,0.62,2992.01,929.39,268.07,4189.47,4.59,Delayed
SHP0207,2026-06-09,Mumbai,Bengaluru,Road,1.78,118.7,392.5,2.25,2.23,0.0,2699.24,832.61,161.41,3693.27,5.0,On Time
SHP0208,2026-04-24,Chennai,Hyderabad,Rail,5.85,389.9,684.2,3.3,4.18,0.61,4901.06,1134.4,234.15,6269.61,5.0,Delayed
SHP0209,2026-01-14,Bengaluru,Lucknow,Road,2.48,165.8,428.5,2.31,2.95,0.91,3025.04,848.63,135.61,4009.28,4.4,Delayed
SHP0210,2026-06-27,Mumbai,Pune,Road,3.03,234.7,997.6,3.18,4.65,0.99,8870.74,2441.17,198.54,11510.46,4.24,Delayed
SHP0211,2026-06-05,Kolkata,Ahmedabad,Road,5.26,245.7,1267.1,3.6,6.01,1.72,11386.92,3124.86,192.28,14704.06,3.75,Delayed
SHP0212,2026-04-20,Mumbai,Ahmedabad,Rail,4.19,164.8,959.8,3.73,5.28,1.57,5023.51,1046.28,190.02,6259.8,4.38,Delayed
SHP0213,2026-02-22,Bengaluru,Bengaluru,Rail,4.8,390.8,1861.6,5.11,6.31,0.76,12673.33,3409.77,230.42,16313.52,4.51,Delayed
SHP0214,2026-06-01,Bengaluru,Pune,Road,2.78,217.8,851.7,2.96,2.77,0.18,6729.02,2171.5,147.65,9048.17,4.76,On Time
SHP0215,2026-03-20,Kolkata,Bengaluru,Rail,6.33,299.3,294.7,2.7,3.08,0.0,1717.83,486.62,214.08,2418.53,4.72,On Time
SHP0216,2026-01-22,Mumbai,Pune,Road,6.2,247.0,1576.8,4.08,6.74,2.3,12812.36,4511.04,252.34,17575.75,3.47,Delayed
SHP0217,2026-01-30,Bengaluru,Hyderabad,Road,7.79,452.0,438.6,2.32,4.88,2.25,4888.81,1423.39,230.14,6542.34,3.88,Delayed
SHP0218,2026-01-04,Chennai,Ahmedabad,Rail,7.63,433.9,1174.7,4.06,4.29,0.23,9623.83,2305.37,243.94,12173.13,4.41,On Time
SHP0219,2026-02-28,Delhi,Ahmedabad,Rail,6.14,285.2,1807.9,5.03,5.11,1.11,12079.57,2549.54,250.03,14879.14,4.74,Delayed
SHP0220,2026-01-08,Delhi,Hyderabad,Air,7.61,464.5,874.6,2.02,3.81,2.02,22320.77,6539.19,328.91,29188.87,3.7,Delayed
SHP0221,2026-01-12,Delhi,Jaipur,Rail,8.19,659.0,245.8,2.63,3.46,1.06,2138.57,592.56,288.58,3019.72,4.37,Delayed
SHP0222,2026-04-29,Mumbai,Bengaluru,Rail,1.67,70.3,357.9,2.8,3.44,0.99,1537.57,368.9,166.63,2073.1,3.99,Delayed
SHP0223,2026-06-08,Kolkata,Hyderabad,Road,5.25,238.4,1535.7,4.01,4.46,0.41,11484.6,4044.14,233.02,15761.76,4.77,On Time
SHP0224,2026-02-03,Bengaluru,Bengaluru,Road,3.97,186.7,582.3,2.55,3.88,1.48,4416.0,1465.58,153.97,6035.56,4.07,Delayed
SHP0225,2026-03-23,Chennai,Lucknow,Road,5.38,225.4,684.5,2.7,2.41,0.0,4806.53,1809.27,220.87,6836.67,4.98,On Time
SHP0226,2026-04-08,Chennai,Ahmedabad,Road,1.37,60.2,1064.4,3.29,2.92,0.0,5761.96,1919.66,143.67,7825.3,5.0,On Time
SHP0227,2026-05-07,Mumbai,Bengaluru,Sea,1.04,68.0,1022.1,5.47,5.43,0.2,3408.63,690.52,149.97,4249.11,4.95,On Time
SHP0228,2026-03-16,Delhi,Pune,Road,0.59,33.3,779.1,2.85,3.46,0.21,3634.58,1138.82,134.65,4908.05,4.6,On Time
SHP0229,2026-04-15,Mumbai,Bengaluru,Air,3.53,252.1,567.6,1.55,1.65,0.33,10611.28,2658.21,196.91,13466.4,4.57,On Time
SHP0230,2026-02-18,Kolkata,Lucknow,Rail,3.49,247.8,530.5,3.07,2.89,0.0,2897.69,692.95,171.88,3762.53,5.0,On Time
SHP0231,2026-03-20,Kolkata,Ahmedabad,Air,16.21,710.2,1135.2,2.42,3.77,1.51,42552.28,9191.7,413.76,52157.73,4.62,Delayed
SHP0232,2026-04-03,Bengaluru,Hyderabad,Road,9.61,373.5,931.5,3.08,5.13,1.93,10199.96,2920.46,250.06,13370.48,4.04,Delayed
SHP0233,2026-06-03,Bengaluru,Lucknow,Rail,12.55,457.9,549.9,3.1,3.26,0.0,4034.34,1049.5,334.69,5418.54,5.0,On Time
SHP0234,2026-01-18,Kolkata,Ahmedabad,Road,33.08,1500.0,1313.4,3.67,4.38,1.78,31045.86,11274.61,764.13,43084.59,4.24,Delayed
SHP0235,2026-04-06,Kolkata,Bengaluru,Road,1.05,70.5,597.7,2.57,2.93,0.0,3508.28,1132.33,150.13,4790.74,5.0,On Time
SHP0236,2026-02-07,Kolkata,Jaipur,Rail,11.32,826.9,373.7,2.82,4.73,1.41,4135.22,1202.67,323.03,5660.92,3.54,Delayed
SHP0237,2026-03-28,Mumbai,Jaipur,Road,8.37,334.8,396.9,2.26,2.62,0.73,3926.78,1043.86,337.07,5307.71,4.83,Delayed
SHP0238,2026-03-29,Kolkata,Pune,Road,5.63,264.8,344.1,2.18,2.67,0.83,2593.97,856.39,173.71,3624.07,4.89,Delayed
SHP0239,2026-02-19,Chennai,Ahmedabad,Rail,5.27,240.7,544.5,3.09,3.3,0.36,2809.46,713.49,176.03,3698.98,4.33,On Time
SHP0240,2026-01-08,Delhi,Jaipur,Road,10.18,415.4,1449.4,3.88,5.63,2.01,16143.84,4602.07,363.15,21109.07,3.58,Delayed
SHP0241,2026-06-18,Kolkata,Hyderabad,Sea,6.19,266.2,385.2,4.49,4.57,0.0,1611.05,408.79,233.02,2252.86,4.7,On Time
SHP0242,2026-05-14,Delhi,Ahmedabad,Sea,4.1,161.7,734.7,5.03,5.51,1.16,2950.83,581.68,185.29,3717.81,4.11,Delayed
SHP0243,2026-03-10,Mumbai,Hyderabad,Sea,3.18,246.3,424.2,4.55,5.81,1.65,1646.56,406.62,135.21,2188.39,3.92,Delayed
SHP0244,2026-06-21,Delhi,Hyderabad,Road,10.11,422.1,548.8,2.49,4.55,1.52,5501.09,2030.85,317.71,7849.65,4.25,Delayed
SHP0245,2026-05-01,Mumbai,Jaipur,Road,12.88,502.9,243.6,2.02,4.82,3.12,3251.45,993.01,370.93,4615.38,3.58,Delayed
SHP0246,2026-03-05,Chennai,Ahmedabad,Sea,14.47,872.9,563.2,4.77,5.22,0.02,5044.84,1035.26,342.16,6422.26,5.0,On Time
SHP0247,2026-06-06,Mumbai,Bengaluru,Road,8.1,364.3,573.1,2.53,4.41,1.76,5965.77,1871.54,260.98,8098.29,3.74,Delayed
SHP0248,2026-06-05,Mumbai,Lucknow,Sea,11.58,680.2,923.5,5.32,5.13,0.44,6517.52,1557.01,316.72,8391.25,4.46,On Time
SHP0249,2026-05-19,Bengaluru,Jaipur,Sea,8.36,305.9,751.5,5.06,7.06,1.78,3698.69,737.45,279.45,4715.59,4.48,Delayed
SHP0250,2026-05-01,Kolkata,Jaipur,Air,4.15,331.1,298.3,1.13,1.64,0.54,6808.74,1501.3,155.54,8465.58,4.93,Delayed
SHP0251,2026-03-06,Kolkata,Bengaluru,Road,6.83,320.9,1315.1,3.67,3.93,0.41,11687.85,3747.48,286.72,15722.05,4.8,On Time
SHP0252,2026-04-17,Chennai,Ahmedabad,Road,5.71,389.5,745.2,2.8,4.99,2.11,8272.5,2273.83,254.86,10801.19,4.01,Delayed
SHP0253,2026-05-27,Chennai,Ahmedabad,Air,12.93,552.5,739.5,1.81,2.04,0.06,21945.34,5436.61,339.97,27721.92,4.96,On Time
SHP0254,2026-05-17,Kolkata,Hyderabad,Road,3.84,259.5,646.1,2.64,2.89,0.0,5293.63,1754.52,181.62,7229.78,5.0,On Time
SHP0255,2026-06-04,Bengaluru,Bengaluru,Road,3.04,193.1,464.3,2.36,3.06,0.28,3511.63,1127.48,170.03,4809.14,4.73,On Time
SHP0256,2026-06-11,Kolkata,Bengaluru,Rail,11.49,576.9,748.9,3.4,4.71,1.17,6878.23,1531.65,299.5,8709.38,4.45,Delayed
SHP0257,2026-06-21,Bengaluru,Ahmedabad,Sea,14.77,554.5,885.5,5.26,6.72,1.94,5443.2,1143.31,370.33,6956.84,3.4,Delayed
SHP0258,2026-04-10,Chennai,Hyderabad,Rail,11.36,738.3,208.8,2.57,3.07,0.66,2168.68,607.75,315.04,3091.47,4.4,Delayed
SHP0259,2026-03-23,Delhi,Jaipur,Rail,3.37,235.3,458.0,2.95,5.85,1.87,2469.52,518.28,237.05,3224.85,3.74,Delayed
SHP0260,2026-05-23,Chennai,Pune,Road,7.23,299.4,550.7,2.5,2.75,0.0,4834.39,1717.68,283.26,6835.33,4.87,On Time
SHP0261,2026-02-20,Chennai,Lucknow,Rail,11.78,588.8,767.8,3.43,4.37,0.11,7455.51,1790.33,364.79,9610.62,4.62,On Time
SHP0262,2026-05-21,Mumbai,Jaipur,Sea,6.85,257.7,1411.8,6.07,6.82,0.26,6225.56,1281.27,256.26,7763.09,4.67,On Time
SHP0263,2026-03-24,Mumbai,Ahmedabad,Road,7.05,491.2,393.6,2.26,3.03,0.69,5115.16,1337.53,207.74,6660.43,4.09,Delayed
SHP0264,2026-06-26,Mumbai,Lucknow,Road,6.85,306.7,470.3,2.37,3.36,0.88,4066.12,1119.7,241.86,5427.68,4.71,Delayed
SHP0265,2026-04-22,Mumbai,Pune,Air,6.51,414.1,465.8,1.39,2.62,1.24,11132.37,2837.22,271.19,14240.78,4.29,Delayed
SHP0266,2026-02-25,Bengaluru,Pune,Rail,2.31,159.5,386.1,2.84,2.34,0.11,1999.41,388.76,117.62,2505.79,4.35,On Time
SHP0267,2026-06-28,Kolkata,Hyderabad,Rail,8.29,361.6,518.7,3.05,3.74,0.69,3600.67,887.41,291.56,4779.63,4.33,Delayed
SHP0268,2026-06-14,Delhi,Lucknow,Rail,0.51,23.9,1072.8,3.9,4.83,0.5,3785.16,750.3,210.54,4746.0,4.84,Delayed
SHP0269,2026-05-25,Chennai,Hyderabad,Road,15.69,651.8,327.7,2.15,1.94,0.0,4114.83,1470.18,439.65,6024.66,4.81,On Time
SHP0270,2026-06-06,Bengaluru,Jaipur,Road,8.94,527.4,858.4,2.97,3.8,0.69,10279.36,3395.28,330.4,14005.05,4.38,Delayed
SHP0271,2026-06-10,Delhi,Bengaluru,Air,3.55,185.0,215.0,1.01,1.71,0.41,3419.54,891.96,191.46,4502.97,4.75,On Time
SHP0272,2026-03-01,Bengaluru,Bengaluru,Air,15.44,835.2,451.3,1.37,1.44,0.38,19348.13,4138.74,431.8,23918.67,4.91,On Time
SHP0273,2026-04-30,Bengaluru,Bengaluru,Air,17.48,630.2,524.7,1.48,1.91,0.58,15777.63,3926.35,409.59,20113.57,4.18,Delayed
SHP0274,2026-05-18,Chennai,Lucknow,Sea,2.75,164.6,1930.7,6.87,7.94,1.43,7847.43,1310.72,197.27,9355.42,4.41,Delayed
SHP0275,2026-06-24,Kolkata,Bengaluru,Road,4.13,247.3,543.7,2.49,2.57,0.37,4670.23,1460.87,217.33,6348.43,4.52,On Time
SHP0276,2026-01-23,Mumbai,Jaipur,Road,3.02,170.9,155.4,1.89,3.51,2.07,1067.49,314.49,184.51,1566.49,3.85,Delayed
SHP0277,2026-05-29,Kolkata,Hyderabad,Air,8.85,420.7,177.3,1.0,0.68,0.0,4407.98,1289.21,325.34,6022.53,4.99,On Time
SHP0278,2026-01-13,Chennai,Lucknow,Rail,3.86,240.6,664.5,3.27,3.77,0.0,4066.13,872.68,170.61,5109.42,4.82,On Time
SHP0279,2026-04-11,Chennai,Hyderabad,Rail,2.22,83.4,968.7,3.74,6.75,3.33,4319.94,889.9,153.45,5363.29,2.81,Delayed
SHP0280,2026-06-10,Chennai,Lucknow,Air,5.37,330.2,829.7,1.95,2.0,0.0,16477.61,4839.24,219.94,21536.79,4.9,On Time
SHP0281,2026-01-24,Delhi,Hyderabad,Air,14.86,564.4,724.8,1.79,1.61,0.0,20453.36,6213.69,351.48,27018.52,5.0,On Time
SHP0282,2026-04-18,Kolkata,Pune,Road,5.0,365.9,1383.6,3.78,5.73,1.53,13221.68,3967.39,217.89,17406.96,3.68,Delayed
SHP0283,2026-01-11,Kolkata,Hyderabad,Road,10.5,466.7,457.7,2.35,2.81,0.0,4644.36,1444.45,248.88,6337.68,5.0,On Time
SHP0284,2026-01-17,Bengaluru,Bengaluru,Road,10.24,386.2,1162.9,3.44,4.31,0.56,12190.53,3752.89,340.95,16284.36,4.6,Delayed
SHP0285,2026-06-24,Bengaluru,Pune,Rail,7.58,515.3,225.0,2.6,5.4,2.7,2051.85,438.36,257.99,2748.2,3.53,Delayed
SHP0286,2026-01-25,Bengaluru,Hyderabad,Road,11.16,406.1,361.0,2.21,2.12,0.0,3691.87,1159.64,302.72,5154.23,4.62,On Time
SHP0287,2026-04-04,Chennai,Lucknow,Road,6.15,319.7,200.8,1.96,1.54,0.0,1971.62,598.48,201.54,2771.64,4.73,On Time
SHP0288,2026-01-21,Kolkata,Lucknow,Road,9.86,363.3,543.7,2.49,3.17,0.0,5553.81,1662.81,289.22,7505.84,4.82,On Time
SHP0289,2026-03-25,Chennai,Lucknow,Road,17.2,753.2,630.7,2.62,4.05,1.7,9500.95,3225.36,453.61,13179.92,3.7,Delayed
SHP0290,2026-05-20,Delhi,Ahmedabad,Rail,8.1,481.4,700.0,3.33,5.23,1.67,5158.89,1395.0,284.97,6838.86,4.01,Delayed
SHP0291,2026-02-06,Bengaluru,Jaipur,Road,2.77,184.6,676.7,2.69,3.35,0.29,5214.85,1600.11,145.18,6960.14,4.7,On Time
SHP0292,2026-02-11,Chennai,Lucknow,Road,6.07,360.0,355.7,2.2,3.49,1.48,3807.01,1151.1,199.63,5157.74,4.83,Delayed
SHP0293,2026-05-25,Chennai,Pune,Air,5.62,416.5,574.4,1.56,3.86,1.94,14681.3,3851.95,244.1,18777.35,3.52,Delayed
SHP0294,2026-04-11,Delhi,Lucknow,Road,4.48,313.4,245.6,2.03,4.88,2.59,1996.43,730.84,175.4,2902.67,3.61,Delayed
SHP0295,2026-02-17,Mumbai,Ahmedabad,Road,1.15,83.7,1576.7,4.08,6.03,1.35,8648.11,3019.24,142.71,11810.06,4.34,Delayed
SHP0296,2026-04-13,Kolkata,Bengaluru,Road,3.7,197.1,533.6,2.47,2.31,0.0,3597.32,1184.65,190.92,4972.89,4.63,On Time
SHP0297,2026-01-28,Mumbai,Pune,Air,6.59,266.6,473.0,1.4,0.95,0.0,9391.59,2395.28,249.6,12036.47,5.0,On Time
SHP0298,2026-02-10,Bengaluru,Ahmedabad,Road,12.66,887.7,1825.8,4.46,5.46,1.17,33847.28,10997.81,377.93,45223.03,4.22,Delayed
SHP0299,2026-04-09,Chennai,Bengaluru,Rail,6.37,452.5,289.9,2.7,3.06,0.29,2043.27,561.91,190.52,2795.7,3.97,On Time
SHP0300,2026-02-16,Delhi,Pune,Road,2.58,115.7,312.7,2.13,2.76,0.61,2145.61,510.96,99.53,2756.1,4.89,Delayed
SHP0301,2026-05-26,Delhi,Hyderabad,Road,4.93,325.3,318.8,2.14,3.92,1.92,3024.82,1026.56,188.88,4240.27,3.55,Delayed
SHP0302,2026-04-15,Kolkata,Jaipur,Road,9.35,689.8,621.9,2.61,4.01,2.07,9502.92,2474.81,351.44,12329.18,3.49,Delayed
SHP0303,2026-05-04,Mumbai,Jaipur,Road,3.5,238.5,860.5,2.97,3.77,0.63,7772.96,2279.19,253.76,10305.91,4.9,Delayed
SHP0304,2026-01-13,Kolkata,Ahmedabad,Rail,16.1,601.0,1051.3,3.87,6.21,1.65,8762.54,2580.41,473.81,11816.76,3.97,Delayed
SHP0305,2026-05-21,Chennai,Bengaluru,Rail,2.98,118.4,3000.0,6.87,8.74,1.71,14584.12,3485.96,166.85,18236.93,4.38,Delayed
SHP0306,2026-04-10,Kolkata,Jaipur,Sea,0.53,29.8,150.6,4.13,4.96,0.61,369.72,71.59,67.1,508.4,5.0,Delayed
SHP0307,2026-01-31,Delhi,Bengaluru,Road,14.62,650.0,965.5,3.14,5.04,1.71,13207.8,4411.53,301.17,17920.51,3.84,Delayed
SHP0308,2026-05-10,Delhi,Bengaluru,Road,5.32,258.2,452.5,2.35,3.36,0.87,4120.98,1133.13,194.24,5448.35,4.8,Delayed
SHP0309,2026-01-16,Bengaluru,Ahmedabad,Air,1.98,86.8,444.0,1.36,4.29,2.61,6621.75,1463.73,148.74,8234.22,3.3,Delayed
SHP0310,2026-05-17,Bengaluru,Ahmedabad,Road,6.21,270.9,434.5,2.32,2.46,0.0,3734.14,998.61,277.32,5010.06,5.0,On Time
SHP0311,2026-03-14,Chennai,Ahmedabad,Road,8.47,384.2,360.1,2.2,2.38,0.28,3759.94,1160.63,302.91,5223.48,4.6,On Time
SHP0312,2026-06-15,Mumbai,Jaipur,Road,7.21,443.6,1942.9,4.64,5.83,1.47,22576.81,6659.12,257.77,29493.7,4.55,Delayed
SHP0313,2026-02-23,Kolkata,Ahmedabad,Road,0.58,45.7,1123.8,3.38,4.53,1.24,6477.32,1524.51,99.23,8101.06,4.61,Delayed
SHP0314,2026-04-10,Chennai,Jaipur,Sea,4.38,226.8,659.9,4.92,6.84,1.82,2516.13,616.19,165.13,3297.45,4.11,Delayed
SHP0315,2026-04-19,Bengaluru,Ahmedabad,Air,9.35,356.1,1564.2,3.08,4.3,1.33,37775.15,10153.72,297.2,48226.07,4.04,Delayed
SHP0316,2026-03-28,Kolkata,Lucknow,Rail,9.35,443.0,243.2,2.62,2.73,0.0,1859.32,490.39,312.75,2662.46,4.95,On Time
SHP0317,2026-06-22,Bengaluru,Bengaluru,Road,4.64,183.1,273.7,2.07,3.87,1.64,1978.91,675.05,217.17,2871.14,3.34,Delayed
SHP0318,2026-06-11,Kolkata,Ahmedabad,Road,8.46,303.7,157.8,1.89,3.74,1.55,1402.48,426.42,236.12,2065.02,4.22,Delayed
SHP0319,2026-05-17,Mumbai,Pune,Road,3.48,238.1,412.5,2.28,2.73,0.0,3352.38,1154.08,205.41,4711.87,5.0,On Time
SHP0320,2026-01-08,Chennai,Bengaluru,Road,9.03,391.6,722.0,2.76,3.58,0.8,8246.51,2563.54,297.51,11107.56,4.61,Delayed
SHP0321,2026-01-07,Kolkata,Bengaluru,Road,14.52,637.3,694.9,2.72,2.26,0.0,9741.53,2857.46,343.95,12942.94,3.96,On Time
SHP0322,2026-02-05,Delhi,Ahmedabad,Rail,7.75,280.1,716.3,3.35,3.23,0.0,4805.52,928.09,232.1,5965.72,4.56,On Time
SHP0323,2026-01-18,Delhi,Hyderabad,Rail,3.72,133.8,259.8,2.65,2.67,0.0,1100.35,270.75,210.98,1582.07,4.74,On Time
SHP0324,2026-01-03,Kolkata,Ahmedabad,Road,5.04,219.1,1095.6,3.34,4.3,1.61,9044.76,2521.62,202.43,11768.81,4.22,Delayed
SHP0325,2026-01-28,Kolkata,Bengaluru,Sea,13.2,830.6,759.6,5.07,6.22,0.67,7170.74,1545.91,413.31,9129.96,4.73,Delayed
SHP0326,2026-03-11,Kolkata,Pune,Rail,4.9,197.6,1046.8,3.86,3.91,0.0,5705.96,1318.5,225.68,7250.14,4.94,On Time
SHP0327,2026-06-21,Delhi,Bengaluru,Rail,2.1,153.0,189.9,2.54,4.11,1.43,931.18,227.21,140.73,1299.12,4.44,Delayed
SHP0328,2026-05-29,Delhi,Pune,Rail,6.61,269.7,795.9,3.47,3.95,0.0,4806.75,1130.49,238.54,6175.78,4.64,On Time
SHP0329,2026-01-28,Kolkata,Jaipur,Road,8.64,325.4,300.3,2.11,3.02,1.13,3056.48,762.91,277.79,4097.18,4.59,Delayed
SHP0330,2026-02-23,Bengaluru,Lucknow,Road,4.48,247.3,502.1,2.42,2.62,0.0,4456.68,1393.89,175.18,6025.75,5.0,On Time
SHP0331,2026-03-06,Bengaluru,Bengaluru,Road,2.63,118.9,919.9,3.07,3.46,0.43,5347.64,1640.19,135.35,7123.17,4.89,On Time
SHP0332,2026-04-10,Mumbai,Ahmedabad,Air,7.81,413.6,689.6,1.74,2.73,1.05,18214.77,5203.28,285.11,23703.17,4.36,Delayed
SHP0333,2026-01-21,Chennai,Jaipur,Road,7.45,391.8,373.7,2.22,3.28,1.32,3777.96,1059.02,283.62,5120.61,4.91,Delayed
SHP0334,2026-01-13,Bengaluru,Lucknow,Road,8.56,504.8,652.7,2.65,5.37,2.14,7337.76,2778.8,295.29,10411.85,4.0,Delayed
SHP0335,2026-02-26,Delhi,Ahmedabad,Road,9.36,386.8,240.2,2.02,2.61,0.72,2680.41,669.38,341.47,3691.25,4.27,Delayed
SHP0336,2026-02-18,Bengaluru,Hyderabad,Road,21.41,793.5,1372.9,3.76,5.11,1.11,21750.55,6472.81,486.37,28709.73,4.48,Delayed
SHP0337,2026-04-28,Mumbai,Ahmedabad,Air,14.25,526.7,568.8,1.55,1.01,0.11,17171.04,3782.46,435.09,21388.59,5.0,On Time
SHP0338,2026-02-23,Mumbai,Pune,Rail,6.94,469.0,1344.8,4.32,5.46,0.73,10072.22,2761.69,213.39,13047.31,4.39,Delayed
SHP0339,2026-05-18,Chennai,Pune,Road,16.9,650.1,461.6,2.36,3.97,1.24,5710.08,2265.22,388.76,8364.06,4.7,Delayed
SHP0340,2026-02-22,Bengaluru,Hyderabad,Road,8.88,373.3,462.5,2.36,3.1,0.7,4645.7,1410.79,218.32,6274.81,4.75,Delayed
SHP0341,2026-02-13,Delhi,Jaipur,Road,4.94,307.6,395.5,2.26,2.18,0.0,3257.47,1248.33,193.24,4699.04,4.18,On Time
SHP0342,2026-02-16,Delhi,Lucknow,Road,5.37,410.9,1148.8,3.42,4.69,1.13,12917.27,3884.76,199.09,17001.11,4.48,Delayed
SHP0343,2026-02-22,Kolkata,Ahmedabad,Road,1.31,80.4,409.9,2.28,4.25,1.16,2263.92,726.4,161.97,3152.28,4.22,Delayed
SHP0344,2026-03-15,Delhi,Pune,Road,9.95,374.0,988.3,3.17,2.67,0.12,9813.11,3397.73,307.58,13518.42,5.0,On Time
SHP0345,2026-02-15,Chennai,Jaipur,Road,7.2,325.2,506.9,2.43,2.7,0.0,4275.69,1371.34,207.78,5854.8,5.0,On Time
SHP0346,2026-01-13,Chennai,Hyderabad,Rail,10.27,436.5,179.9,2.53,4.23,2.03,1300.03,318.31,291.18,1909.52,3.95,Delayed
SHP0347,2026-06-14,Delhi,Bengaluru,Rail,9.7,602.0,448.7,2.94,3.97,1.04,4440.2,1147.66,281.62,5869.49,5.0,Delayed
SHP0348,2026-04-12,Delhi,Pune,Road,11.21,476.7,302.0,2.11,2.6,0.57,3195.32,1220.9,259.57,4675.79,4.62,Delayed
SHP0349,2026-01-24,Kolkata,Hyderabad,Road,2.73,219.4,664.5,2.67,2.52,0.0,5393.47,1802.45,134.84,7330.76,5.0,On Time
SHP0350,2026-01-02,Delhi,Ahmedabad,Rail,9.88,548.8,299.8,2.71,2.71,0.0,2882.2,719.57,270.87,3872.63,5.0,On Time
SHP0351,2026-03-22,Kolkata,Lucknow,Road,17.62,799.7,1186.6,3.48,5.18,2.1,20048.23,5437.15,487.28,25972.66,3.81,Delayed
SHP0352,2026-04-10,Kolkata,Pune,Air,8.75,610.6,612.6,1.62,2.67,0.69,20326.77,5714.27,284.28,26325.32,4.89,Delayed
SHP0353,2026-05-22,Delhi,Pune,Rail,3.59,142.5,579.1,3.14,2.51,0.0,2453.26,611.62,207.72,3272.59,4.79,On Time
SHP0354,2026-05-18,Mumbai,Ahmedabad,Road,7.47,473.9,995.6,3.18,4.68,1.31,10767.78,4105.65,201.99,15075.41,4.13,Delayed
SHP0355,2026-06-12,Mumbai,Bengaluru,Road,3.54,157.8,1216.2,3.52,3.41,0.0,9256.82,2505.8,225.54,11988.16,4.54,On Time
SHP0356,2026-06-02,Kolkata,Jaipur,Rail,5.35,289.6,641.6,3.24,4.88,2.05,4146.75,957.03,261.89,5365.68,3.96,Delayed
SHP0357,2026-05-11,Delhi,Lucknow,Road,9.24,429.2,393.7,2.26,4.48,2.15,4419.65,1342.87,216.46,5978.97,3.93,Delayed
SHP0358,2026-04-21,Mumbai,Pune,Rail,5.46,397.7,205.2,2.57,2.1,0.08,1541.05,339.66,193.52,2074.22,5.0,On Time
SHP0359,2026-04-12,Delhi,Lucknow,Sea,7.41,604.1,416.1,4.54,4.55,0.0,2877.94,574.54,270.78,3723.26,5.0,On Time
SHP0360,2026-01-17,Delhi,Pune,Rail,21.29,801.9,435.2,2.92,2.42,0.0,4367.95,1363.09,525.81,6256.85,4.9,On Time
SHP0361,2026-01-12,Delhi,Lucknow,Road,7.4,453.8,696.8,2.72,2.88,0.0,8348.0,2658.94,229.5,11236.44,4.59,On Time
SHP0362,2026-04-26,Bengaluru,Hyderabad,Rail,6.94,276.3,519.4,3.05,2.73,0.0,3256.76,663.91,234.2,4154.87,5.0,On Time
SHP0363,2026-01-24,Delhi,Pune,Road,2.34,83.6,1016.5,3.21,3.99,0.94,5942.23,1895.08,141.22,7978.53,4.87,Delayed
SHP0364,2026-01-29,Bengaluru,Lucknow,Road,10.57,687.4,436.4,2.32,2.9,0.47,6972.14,2091.96,314.19,9378.29,5.0,On Time
SHP0365,2026-06-20,Kolkata,Jaipur,Sea,5.3,326.2,626.3,4.86,4.59,0.0,2977.89,659.31,257.27,3894.47,5.0,On Time
SHP0366,2026-06-02,Mumbai,Hyderabad,Road,7.61,336.4,1403.3,3.81,4.31,0.52,12705.72,3814.46,229.91,16750.09,4.64,Delayed
SHP0367,2026-05-02,Mumbai,Hyderabad,Sea,9.67,352.5,811.7,5.15,5.67,1.06,4553.27,1015.73,329.16,5898.17,4.26,Delayed
SHP0368,2026-03-31,Mumbai,Jaipur,Sea,11.78,442.1,625.1,4.86,6.16,1.08,3904.13,855.34,304.73,5064.2,4.15,Delayed
SHP0369,2026-03-06,Mumbai,Lucknow,Road,9.01,449.4,439.5,2.33,2.94,0.0,4919.27,1550.28,252.5,6722.05,4.98,On Time
SHP0370,2026-03-25,Mumbai,Ahmedabad,Road,7.23,292.4,430.7,2.31,3.96,0.67,3489.88,1211.61,278.78,4980.27,4.6,Delayed
SHP0371,2026-04-29,Mumbai,Jaipur,Road,4.6,324.3,373.9,2.23,2.26,0.0,3256.93,943.64,234.98,4435.55,5.0,On Time
SHP0372,2026-06-05,Mumbai,Lucknow,Road,6.51,235.5,457.3,2.35,4.33,1.7,3829.15,1111.74,266.95,5207.84,4.02,Delayed
SHP0373,2026-01-16,Kolkata,Jaipur,Road,6.02,219.3,1062.3,3.28,4.25,1.58,8096.61,2288.89,182.24,10567.75,4.08,Delayed
SHP0374,2026-06-24,Delhi,Jaipur,Rail,3.2,218.6,562.7,3.12,3.64,0.0,3306.11,659.03,161.23,4126.37,4.73,On Time
SHP0375,2026-04-14,Chennai,Pune,Road,5.41,322.0,270.3,2.07,2.37,0.03,2790.54,812.13,246.12,3848.79,5.0,On Time
SHP0376,2026-04-02,Bengaluru,Lucknow,Road,2.61,192.1,2051.4,4.81,5.78,1.14,16395.5,5166.79,168.49,21730.77,4.4,Delayed
SHP0377,2026-01-27,Chennai,Ahmedabad,Air,0.5,26.9,800.3,1.91,2.34,0.0,9020.47,2252.49,91.42,11364.39,4.94,On Time
SHP0378,2026-06-19,Chennai,Pune,Road,6.85,273.3,260.5,2.05,3.1,1.14,2399.61,625.43,259.31,3284.34,4.11,Delayed
SHP0379,2026-06-24,Delhi,Jaipur,Air,2.69,148.9,487.7,1.43,1.54,0.28,7354.98,2073.19,143.35,9571.52,4.38,On Time
SHP0380,2026-06-11,Delhi,Bengaluru,Road,4.92,366.7,698.6,2.72,4.66,1.77,6402.36,2391.39,271.35,9065.1,4.48,Delayed
SHP0381,2026-06-14,Delhi,Jaipur,Road,4.11,234.9,1968.4,4.68,4.81,0.5,14092.87,5176.52,247.96,19517.35,4.92,Delayed
SHP0382,2026-05-14,Mumbai,Jaipur,Rail,12.33,445.2,316.3,2.74,3.09,0.0,2369.32,657.8,363.13,3390.25,4.43,On Time
SHP0383,2026-05-15,Kolkata,Lucknow,Rail,3.5,158.7,1225.9,4.14,3.77,0.0,6504.15,1397.55,230.71,8132.4,5.0,On Time
SHP0384,2026-06-02,Mumbai,Lucknow,Air,1.8,96.7,1614.3,3.16,3.14,0.35,21057.92,6195.76,154.75,27408.44,5.0,On Time
SHP0385,2026-02-02,Kolkata,Pune,Rail,4.76,324.7,432.0,2.91,2.6,0.0,2608.96,600.84,232.51,3442.31,5.0,On Time
SHP0386,2026-02-24,Kolkata,Ahmedabad,Air,7.4,266.2,542.7,1.51,3.32,1.55,11782.45,2691.44,304.83,14778.73,4.71,Delayed
SHP0387,2026-01-07,Chennai,Pune,Road,3.51,139.8,331.4,2.16,2.05,0.1,1965.27,637.98,191.83,2795.08,5.0,On Time
SHP0388,2026-02-26,Chennai,Hyderabad,Road,8.7,527.0,569.5,2.53,2.98,0.92,7465.91,2199.66,267.62,9933.18,4.0,Delayed
SHP0389,2026-05-06,Kolkata,Jaipur,Air,2.33,177.9,634.7,1.65,1.61,0.17,10082.28,3114.98,102.36,13299.61,5.0,On Time
SHP0390,2026-01-12,Kolkata,Bengaluru,Air,2.74,212.7,998.0,2.21,2.2,0.0,15741.37,5196.68,166.49,21104.54,5.0,On Time
SHP0391,2026-01-16,Mumbai,Jaipur,Sea,8.11,582.6,1320.3,5.93,5.9,0.38,10020.56,1814.71,294.87,12130.14,4.58,On Time
SHP0392,2026-02-12,Mumbai,Jaipur,Road,9.79,459.8,399.7,2.26,3.26,1.4,4126.15,1271.29,329.3,5726.75,4.43,Delayed
SHP0393,2026-04-27,Chennai,Pune,Road,4.43,165.0,180.9,1.93,2.67,0.0,1292.52,365.81,217.41,1875.73,4.42,On Time
SHP0394,2026-05-15,Delhi,Bengaluru,Air,5.61,281.1,641.1,1.66,2.72,1.36,12126.7,3207.47,201.98,15536.15,4.6,Delayed
SHP0395,2026-04-21,Kolkata,Bengaluru,Road,3.92,153.6,786.6,2.86,2.75,0.0,4856.02,1674.2,121.29,6651.51,4.69,On Time
SHP0396,2026-02-20,Mumbai,Bengaluru,Sea,10.7,559.4,764.4,5.08,5.01,0.07,4582.89,1286.79,295.33,6165.01,4.62,On Time
SHP0397,2026-06-09,Chennai,Pune,Air,13.05,559.2,525.6,1.48,2.42,1.08,13922.4,4793.32,344.25,19059.97,4.37,Delayed
SHP0398,2026-03-16,Mumbai,Jaipur,Road,20.53,865.7,704.9,2.73,3.09,0.14,10843.09,4037.49,478.51,15359.09,5.0,On Time
SHP0399,2026-01-08,Kolkata,Pune,Air,15.48,1047.0,1740.6,3.35,5.07,1.39,83737.24,24331.8,420.26,108489.29,4.29,Delayed
SHP0400,2026-02-14,Kolkata,Lucknow,Air,4.15,233.2,833.1,1.96,2.08,0.24,15290.89,4094.58,264.11,19649.58,4.61,On Time
SHP0401,2026-02-28,Bengaluru,Lucknow,Road,11.32,510.1,509.9,2.43,2.93,0.93,5900.79,1753.47,328.12,7982.38,4.31,Delayed
SHP0402,2026-05-12,Delhi,Pune,Sea,1.13,85.7,469.6,4.62,5.07,0.0,1437.04,307.15,132.67,1876.86,4.6,On Time
SHP0403,2026-04-14,Bengaluru,Bengaluru,Road,6.81,383.0,582.1,2.55,2.51,0.0,6545.2,1868.78,233.54,8647.52,4.92,On Time
SHP0404,2026-06-06,Chennai,Jaipur,Air,9.0,437.9,1883.4,3.57,6.14,1.97,52089.97,13827.17,286.38,66203.52,4.29,Delayed
SHP0405,2026-06-06,Mumbai,Pune,Road,5.16,184.5,577.0,2.54,3.59,1.84,4452.59,1165.72,183.81,5802.12,3.99,Delayed
SHP0406,2026-04-08,Chennai,Pune,Air,4.39,224.0,641.7,1.66,1.73,0.0,12698.12,2952.33,203.19,15853.65,5.0,On Time
SHP0407,2026-06-05,Kolkata,Pune,Road,14.06,561.3,475.1,2.38,3.61,0.56,5800.67,1829.23,388.93,8018.83,5.0,Delayed
SHP0408,2026-03-20,Bengaluru,Hyderabad,Road,8.4,444.1,1327.8,3.69,4.66,1.09,14285.62,5214.75,278.51,19778.88,4.19,Delayed
SHP0409,2026-05-04,Bengaluru,Lucknow,Sea,19.94,806.1,2323.6,7.47,9.44,2.04,20519.28,4445.56,495.01,25459.86,3.81,Delayed
SHP0410,2026-06-21,Bengaluru,Bengaluru,Road,16.26,755.6,871.2,2.99,3.09,0.0,13958.27,4639.41,427.95,19025.63,5.0,On Time
SHP0411,2026-01-04,Chennai,Ahmedabad,Road,2.76,105.3,685.9,2.71,2.51,0.0,4231.15,1346.19,107.6,5684.94,5.0,On Time
SHP0412,2026-03-31,Kolkata,Bengaluru,Sea,4.61,248.1,665.7,4.92,5.03,0.22,2830.33,582.71,225.23,3638.27,4.3,On Time
SHP0413,2026-04-14,Mumbai,Ahmedabad,Sea,3.72,171.7,138.0,4.11,5.25,1.25,581.69,113.35,163.49,858.52,4.45,Delayed
SHP0414,2026-05-17,Mumbai,Hyderabad,Rail,11.53,522.0,1055.0,3.87,6.7,3.05,9624.73,2444.82,289.11,12358.67,3.32,Delayed
SHP0415,2026-04-29,Chennai,Pune,Rail,7.56,404.9,709.2,3.34,4.09,0.32,5096.11,1244.46,217.48,6558.06,5.0,On Time
SHP0416,2026-05-13,Bengaluru,Hyderabad,Road,2.57,179.8,858.7,2.97,3.13,0.0,6582.25,2124.82,181.48,8888.55,4.74,On Time
SHP0417,2026-02-25,Delhi,Hyderabad,Road,2.69,199.0,409.3,2.28,3.57,1.2,2918.01,851.59,160.56,3930.16,4.04,Delayed
SHP0418,2026-04-06,Chennai,Jaipur,Road,8.16,665.5,506.3,2.43,4.83,2.12,6527.98,1993.48,208.07,8729.53,3.6,Delayed
SHP0419,2026-06-27,Chennai,Lucknow,Rail,6.91,265.9,497.6,3.02,3.58,0.66,2836.14,781.96,261.05,3879.16,4.44,Delayed
SHP0420,2026-03-16,Kolkata,Ahmedabad,Air,1.18,74.7,1262.7,2.62,2.35,0.0,16269.22,4681.8,90.85,21041.87,5.0,On Time
SHP0421,2026-05-23,Mumbai,Pune,Air,2.6,169.1,508.2,1.46,2.75,1.51,7323.81,2486.44,171.71,9981.96,3.76,Delayed
SHP0422,2026-02-01,Chennai,Ahmedabad,Air,21.32,896.8,2516.7,4.55,6.56,2.01,109139.99,29835.27,512.17,139487.43,3.67,Delayed
SHP0423,2026-01-28,Chennai,Bengaluru,Road,10.13,592.0,860.1,2.97,2.6,0.0,10973.1,4048.11,333.42,15354.62,4.37,On Time
SHP0424,2026-01-22,Bengaluru,Ahmedabad,Road,2.95,146.8,283.7,2.09,3.09,1.18,1964.52,630.7,235.48,2830.69,4.7,Delayed
SHP0425,2026-01-17,Bengaluru,Bengaluru,Road,5.59,382.9,597.9,2.57,4.19,1.8,5471.7,2083.23,172.87,7727.8,4.46,Delayed
SHP0426,2026-02-28,Delhi,Lucknow,Road,15.65,571.9,425.6,2.3,5.03,1.98,5067.51,1765.83,399.78,7233.12,3.8,Delayed
SHP0427,2026-03-31,Kolkata,Bengaluru,Road,2.67,104.2,156.1,1.89,1.65,0.73,1055.03,274.1,158.37,1487.51,4.49,Delayed
SHP0428,2026-04-16,Delhi,Ahmedabad,Air,15.67,607.1,1838.4,3.5,4.43,0.99,58019.06,17596.18,417.32,76032.56,4.61,Delayed
SHP0429,2026-01-26,Bengaluru,Ahmedabad,Road,8.17,441.7,1026.6,3.23,5.86,2.03,12558.75,3459.67,274.69,16293.11,4.4,Delayed
SHP0430,2026-01-25,Mumbai,Bengaluru,Road,5.21,215.5,919.2,3.06,3.11,0.0,8011.23,2189.52,201.53,10402.27,5.0,On Time
SHP0431,2026-05-18,Bengaluru,Hyderabad,Road,6.89,481.7,723.8,2.76,4.27,1.24,8149.16,2586.37,228.57,10964.1,4.07,Delayed
SHP0432,2026-02-14,Kolkata,Lucknow,Air,4.95,408.2,264.7,1.08,1.12,0.0,6095.74,1769.98,170.11,8035.82,4.43,On Time
SHP0433,2026-03-24,Bengaluru,Jaipur,Rail,5.23,424.2,474.7,2.98,4.36,1.62,3862.23,855.31,248.65,4966.19,3.72,Delayed
SHP0434,2026-01-11,Kolkata,Pune,Road,8.02,375.0,1123.4,3.38,3.14,0.54,12678.68,3029.62,280.42,15988.71,4.73,Delayed
SHP0435,2026-04-14,Kolkata,Ahmedabad,Road,3.75,194.2,328.2,2.15,4.3,2.07,2530.49,824.0,219.55,3574.05,3.63,Delayed
SHP0436,2026-03-09,Kolkata,Pune,Rail,4.44,218.6,125.4,2.44,3.21,1.04,729.87,158.23,188.98,1077.08,4.5,Delayed
SHP0437,2026-04-05,Kolkata,Jaipur,Road,3.61,297.9,560.8,2.51,2.23,0.0,5369.93,1583.16,161.99,7115.08,4.81,On Time
SHP0438,2026-06-05,Kolkata,Pune,Air,6.63,353.4,592.8,1.59,3.39,1.97,12810.63,3189.13,201.62,16201.38,3.54,Delayed
SHP0439,2026-03-06,Mumbai,Jaipur,Rail,11.69,497.7,709.9,3.34,6.05,2.1,5944.1,1213.65,342.98,7500.73,3.43,Delayed
SHP0440,2026-02-18,Delhi,Bengaluru,Road,17.33,908.3,1043.7,3.26,5.78,1.68,20017.55,5475.16,395.62,25888.33,4.62,Delayed
SHP0441,2026-06-24,Chennai,Hyderabad,Road,9.32,393.2,983.8,3.16,3.28,0.04,10633.81,3349.04,352.55,14335.4,5.0,On Time
SHP0442,2026-02-21,Delhi,Ahmedabad,Sea,7.75,492.8,769.1,5.08,5.16,0.24,4230.51,935.05,213.74,5379.3,5.0,On Time
SHP0443,2026-04-12,Kolkata,Jaipur,Road,13.9,556.0,1413.8,3.83,4.36,0.95,17232.72,6330.96,379.86,23943.54,4.67,Delayed
SHP0444,2026-02-26,Mumbai,Pune,Road,10.97,512.3,242.2,2.02,2.28,0.1,2670.75,836.93,372.32,3880.0,4.8,On Time
SHP0445,2026-02-16,Bengaluru,Ahmedabad,Air,2.91,189.4,902.3,2.06,4.93,2.24,14335.15,3666.18,193.37,18194.71,4.23,Delayed
SHP0446,2026-06-08,Mumbai,Hyderabad,Sea,11.04,699.4,976.7,5.4,6.01,0.69,8344.55,1549.47,324.91,10218.92,4.61,Delayed
SHP0447,2026-06-23,Kolkata,Bengaluru,Sea,14.13,640.7,290.4,4.35,3.51,0.0,1894.52,408.88,340.39,2643.79,5.0,On Time
SHP0448,2026-01-26,Mumbai,Ahmedabad,Air,9.4,372.0,244.7,1.05,2.18,0.89,5250.34,1643.97,240.91,7135.22,4.5,Delayed
SHP0449,2026-04-24,Mumbai,Jaipur,Road,3.67,196.9,400.3,2.27,3.06,0.45,2870.85,1008.74,213.07,4092.66,3.72,On Time
SHP0450,2026-01-05,Kolkata,Hyderabad,Road,5.65,350.1,422.8,2.3,2.47,0.73,4226.06,1312.22,274.39,5812.68,5.0,Delayed
SHP0451,2026-03-25,Mumbai,Pune,Air,2.96,114.3,1060.7,2.31,2.55,0.18,15502.18,3593.18,157.86,19253.22,5.0,On Time
SHP0452,2026-02-21,Chennai,Hyderabad,Rail,17.0,748.8,435.9,2.92,4.44,1.36,4364.64,1085.68,386.2,5836.51,4.37,Delayed
SHP0453,2026-04-15,Chennai,Hyderabad,Road,4.44,231.6,372.5,2.22,4.12,1.92,2745.18,899.31,113.87,3758.36,3.92,Delayed
SHP0454,2026-02-23,Mumbai,Lucknow,Sea,5.72,288.7,436.8,4.57,5.13,0.83,1908.58,503.61,188.61,2600.8,4.6,Delayed
SHP0455,2026-06-10,Bengaluru,Hyderabad,Road,11.0,720.2,1344.9,3.72,4.54,0.46,20254.23,5937.59,313.95,26505.77,4.54,On Time
SHP0456,2026-06-27,Kolkata,Hyderabad,Road,14.85,674.1,655.5,2.66,3.28,0.76,8913.61,3194.07,443.28,12550.96,4.8,Delayed
SHP0457,2026-06-15,Chennai,Ahmedabad,Road,7.4,417.3,578.5,2.54,2.84,0.82,6848.53,1887.63,276.83,9012.99,4.09,Delayed
SHP0458,2026-06-04,Bengaluru,Pune,Road,22.61,809.4,605.1,2.58,1.86,0.0,9799.36,2958.77,537.59,13295.72,5.0,On Time
SHP0459,2026-01-15,Mumbai,Ahmedabad,Road,3.65,185.4,1505.4,3.97,6.59,2.18,9893.44,3283.07,171.69,13348.21,4.0,Delayed
SHP0460,2026-03-02,Bengaluru,Ahmedabad,Road,8.26,417.5,399.4,2.26,3.74,1.26,4505.4,1156.83,248.18,5910.42,4.24,Delayed
SHP0461,2026-05-02,Delhi,Jaipur,Road,3.93,186.5,1528.5,4.0,7.17,3.14,10795.12,3689.05,239.86,14724.03,3.4,Delayed
SHP0462,2026-01-21,Chennai,Ahmedabad,Rail,16.52,619.6,745.3,3.4,5.05,1.81,7299.76,1600.11,424.47,9324.34,3.66,Delayed
SHP0463,2026-02-15,Mumbai,Lucknow,Rail,15.08,607.8,585.6,3.15,2.97,0.0,5174.09,1435.17,317.89,6927.15,4.66,On Time
SHP0464,2026-05-14,Kolkata,Lucknow,Rail,16.15,840.2,3000.0,6.87,8.66,2.17,35550.73,7572.41,387.09,43510.23,3.89,Delayed
SHP0465,2026-02-07,Mumbai,Jaipur,Sea,8.08,343.9,327.3,4.4,4.25,0.0,1772.53,414.4,235.44,2422.36,5.0,On Time
SHP0466,2026-03-03,Kolkata,Bengaluru,Road,20.65,965.7,516.5,2.44,3.2,1.5,10586.03,2792.72,472.53,13851.28,3.52,Delayed
SHP0467,2026-03-27,Mumbai,Pune,Road,3.5,176.3,291.7,2.1,2.12,0.28,1985.2,704.52,202.77,2892.5,5.0,On Time
SHP0468,2026-03-19,Bengaluru,Pune,Air,5.02,333.2,1207.2,2.53,2.42,0.0,25180.81,7702.55,206.66,33090.01,4.81,On Time
SHP0469,2026-02-15,Bengaluru,Ahmedabad,Road,3.51,180.5,1948.8,4.65,6.74,1.88,14064.53,4859.1,180.43,19104.05,3.9,Delayed
SHP0470,2026-05-21,Bengaluru,Ahmedabad,Sea,6.14,385.4,1924.5,6.86,6.85,0.0,11455.83,2272.55,276.5,14004.88,4.53,On Time
SHP0471,2026-01-03,Delhi,Bengaluru,Road,5.09,191.1,1440.2,3.87,4.14,0.0,11733.76,3441.73,187.24,15362.72,4.7,On Time
SHP0472,2026-01-06,Kolkata,Ahmedabad,Sea,10.78,620.6,571.6,4.78,5.62,0.37,3703.62,885.75,379.23,4968.59,5.0,On Time
SHP0473,2026-04-03,Bengaluru,Pune,Road,12.25,449.9,512.6,2.44,3.69,0.88,5214.66,1614.73,317.05,7146.44,4.53,Delayed
SHP0474,2026-01-08,Delhi,Hyderabad,Air,3.42,166.4,219.4,1.01,1.36,0.18,3553.29,913.63,184.61,4651.54,4.77,On Time
SHP0475,2026-06-21,Kolkata,Lucknow,Road,12.0,543.0,2441.3,5.41,5.43,0.02,27633.51,8624.36,326.21,36584.08,4.95,On Time
SHP0476,2026-04-18,Mumbai,Hyderabad,Sea,16.11,778.7,881.7,5.26,4.91,0.0,7121.19,1913.98,414.27,9449.44,5.0,On Time
SHP0477,2026-06-10,Delhi,Hyderabad,Road,6.67,474.3,472.1,2.38,3.83,1.19,4975.43,1492.35,255.69,6723.47,4.5,Delayed
SHP0478,2026-03-16,Chennai,Pune,Rail,2.42,134.4,1541.0,4.62,7.14,1.93,7311.13,1684.36,178.77,9174.26,3.91,Delayed
SHP0479,2026-03-18,Delhi,Hyderabad,Sea,4.27,314.6,345.4,4.43,5.08,0.53,1860.09,380.47,170.58,2411.14,5.0,Delayed
SHP0480,2026-02-19,Delhi,Bengaluru,Road,11.17,508.3,846.6,2.95,5.58,1.96,11370.75,3219.7,281.69,14872.14,4.26,Delayed
SHP0481,2026-01-11,Kolkata,Jaipur,Rail,5.69,297.0,581.0,3.14,3.56,0.95,3505.72,906.13,309.99,4721.85,4.62,Delayed
SHP0482,2026-04-05,Mumbai,Ahmedabad,Rail,4.27,174.8,984.5,3.76,3.36,0.0,5037.02,1018.68,179.97,6235.67,5.0,On Time
SHP0483,2026-06-05,Chennai,Jaipur,Road,10.24,659.3,623.7,2.61,3.43,0.52,9596.02,2843.2,328.75,12767.97,4.94,Delayed
SHP0484,2026-03-11,Bengaluru,Lucknow,Rail,4.23,289.4,253.1,2.64,2.73,0.0,1412.39,347.73,139.96,1900.07,5.0,On Time
SHP0485,2026-06-18,Bengaluru,Ahmedabad,Rail,14.41,778.9,682.7,3.3,4.2,0.44,7879.72,2117.87,369.61,10367.2,5.0,On Time
SHP0486,2026-01-16,Delhi,Hyderabad,Sea,6.68,248.9,1285.3,5.88,7.53,1.66,5483.25,1307.33,235.73,7026.3,4.4,Delayed
SHP0487,2026-03-09,Kolkata,Lucknow,Road,6.53,279.3,637.8,2.63,3.81,1.49,5158.28,1937.36,254.01,7349.65,3.83,Delayed
SHP0488,2026-04-09,Kolkata,Ahmedabad,Road,4.43,236.9,1075.8,3.31,5.43,2.2,8501.44,2276.63,104.47,10882.54,3.41,Delayed
SHP0489,2026-02-17,Bengaluru,Bengaluru,Sea,6.31,311.4,329.4,4.41,4.12,0.25,1431.28,325.33,239.48,1996.09,4.62,On Time
SHP0490,2026-03-05,Chennai,Bengaluru,Air,5.95,445.7,639.0,1.66,3.16,1.9,17014.72,4017.3,186.85,21218.87,4.3,Delayed
SHP0491,2026-03-31,Mumbai,Bengaluru,Road,5.02,180.9,433.1,2.32,3.26,0.61,2967.93,808.78,221.71,3998.41,4.11,Delayed
SHP0492,2026-03-17,Chennai,Bengaluru,Rail,3.6,158.9,1056.3,3.88,6.2,2.02,4879.51,1099.4,148.53,6127.43,4.03,Delayed
SHP0493,2026-05-19,Mumbai,Hyderabad,Road,1.7,102.4,663.4,2.67,3.58,0.78,3712.29,1266.46,120.61,5099.36,4.7,Delayed
SHP0494,2026-04-11,Bengaluru,Jaipur,Road,1.99,93.1,1017.9,3.22,4.12,1.51,6664.83,1653.43,146.24,8464.49,4.58,Delayed
SHP0495,2026-03-30,Mumbai,Ahmedabad,Road,1.86,135.6,1318.1,3.68,5.83,2.28,8728.29,2604.68,116.72,11449.69,3.81,Delayed
SHP0496,2026-01-18,Kolkata,Hyderabad,Road,6.8,247.8,1018.9,3.22,3.4,0.61,8550.64,2854.67,225.83,11631.14,4.2,Delayed
SHP0497,2026-01-19,Delhi,Bengaluru,Rail,5.64,381.4,776.3,3.44,4.62,0.77,5574.89,1401.8,179.81,7156.5,4.24,Delayed
SHP0498,2026-02-24,Delhi,Jaipur,Road,9.66,432.0,339.7,2.17,4.06,2.09,3623.48,1116.37,229.76,4969.61,3.44,Delayed
SHP0499,2026-04-12,Bengaluru,Lucknow,Sea,5.91,371.3,648.8,4.9,4.94,0.42,3180.23,725.95,262.08,4168.26,4.58,On Time
SHP0500,2026-04-28,Kolkata,Lucknow,Sea,17.17,731.0,459.6,4.61,4.62,0.0,3906.05,821.29,383.61,5110.96,4.94,On Time
SHP0501,2026-06-03,Chennai,Lucknow,Rail,20.94,857.3,519.7,3.05,5.52,2.69,5594.93,1381.87,490.73,7467.53,3.11,Delayed
SHP0502,2026-05-14,Kolkata,Bengaluru,Road,6.61,290.2,509.5,2.43,3.28,0.33,4085.04,1438.02,265.33,5788.38,5.0,On Time
SHP0503,2026-01-04,Delhi,Lucknow,Road,3.99,182.9,343.8,2.18,2.88,0.96,2641.12,724.8,170.35,3536.27,4.01,Delayed
SHP0504,2026-04-18,Delhi,Pune,Air,26.23,998.0,182.1,1.0,2.22,1.71,7395.96,2461.06,563.22,10420.23,4.53,Delayed
SHP0505,2026-04-25,Kolkata,Ahmedabad,Rail,8.58,647.0,421.0,2.9,2.14,0.0,3902.59,1086.97,282.32,5271.88,5.0,On Time
SHP0506,2026-01-29,Kolkata,Ahmedabad,Road,10.74,621.2,737.1,2.78,2.77,0.0,9982.54,3275.64,352.5,13610.67,5.0,On Time
SHP0507,2026-02-28,Delhi,Bengaluru,Sea,3.86,241.7,270.6,4.32,4.92,0.8,1151.24,241.41,148.56,1541.21,4.32,Delayed
SHP0508,2026-05-05,Chennai,Pune,Air,15.31,550.4,656.7,1.69,1.19,0.0,19920.2,4750.7,390.27,25061.16,5.0,On Time
SHP0509,2026-04-08,Bengaluru,Hyderabad,Sea,6.8,373.0,2235.3,7.34,8.82,1.06,12209.88,2823.45,181.77,15215.1,3.97,Delayed
SHP0510,2026-01-17,Bengaluru,Hyderabad,Rail,7.81,329.2,1263.9,4.19,5.22,0.8,8554.84,1977.36,246.8,10778.99,4.88,Delayed
SHP0511,2026-04-17,Kolkata,Lucknow,Rail,7.55,328.9,1891.8,5.16,6.23,1.08,13004.96,2724.88,257.08,15986.92,4.38,Delayed
SHP0512,2026-02-12,Bengaluru,Jaipur,Road,7.04,457.3,838.2,2.94,3.42,0.0,8971.84,2676.69,216.79,11865.32,4.86,On Time
SHP0513,2026-03-21,Delhi,Hyderabad,Sea,11.77,743.9,1388.3,6.04,8.41,2.14,10797.52,2290.67,315.9,13404.08,3.39,Delayed
SHP0514,2026-06-11,Delhi,Jaipur,Air,17.2,1042.6,406.0,1.3,1.67,0.65,18051.79,5562.91,380.39,23995.09,3.77,Delayed
SHP0515,2026-01-08,Kolkata,Ahmedabad,Road,4.98,268.2,427.6,2.31,4.18,2.23,3483.71,1024.23,212.39,4720.33,3.41,Delayed
SHP0516,2026-05-21,Kolkata,Jaipur,Road,6.07,385.3,109.6,1.82,2.64,0.54,1251.05,350.02,266.17,1867.24,5.0,Delayed
SHP0517,2026-04-16,Kolkata,Ahmedabad,Road,3.99,324.3,1405.2,3.81,3.95,0.0,14129.36,3983.66,153.49,18266.5,4.86,On Time
SHP0518,2026-01-08,Chennai,Pune,Air,11.48,440.4,1769.0,3.4,5.08,1.62,41086.17,12439.53,304.87,53830.57,4.05,Delayed
SHP0519,2026-04-06,Bengaluru,Pune,Sea,8.26,300.7,453.7,4.6,4.64,0.33,1901.58,523.38,286.19,2711.15,5.0,On Time
SHP0520,2026-04-04,Kolkata,Bengaluru,Road,16.59,950.0,551.1,2.5,2.71,0.0,9007.56,3597.83,461.07,13066.46,5.0,On Time
SHP0521,2026-03-06,Mumbai,Bengaluru,Rail,3.91,224.3,398.2,2.86,4.62,2.02,2052.92,509.34,138.05,2700.3,4.35,Delayed
SHP0522,2026-06-20,Mumbai,Lucknow,Road,3.25,268.4,833.6,2.93,3.07,0.18,6463.68,1858.18,172.62,8494.48,4.56,On Time
SHP0523,2026-02-08,Delhi,Hyderabad,Sea,5.58,243.9,1350.4,5.98,6.48,0.0,5885.48,1233.49,230.37,7349.34,4.32,On Time
SHP0524,2026-03-22,Bengaluru,Lucknow,Air,7.94,315.0,209.4,1.0,2.65,1.88,4802.03,1223.7,259.34,6285.07,4.79,Delayed
SHP0525,2026-03-25,Kolkata,Ahmedabad,Air,2.04,142.5,848.2,1.98,1.48,0.05,13830.09,3458.77,70.12,17358.98,5.0,On Time
SHP0526,2026-03-29,Mumbai,Lucknow,Road,3.59,246.8,543.0,2.49,2.31,0.19,4166.03,1421.83,202.2,5790.06,4.96,On Time
SHP0527,2026-03-27,Bengaluru,Jaipur,Road,10.79,438.0,699.7,2.73,3.07,0.0,7501.92,2146.13,367.44,10015.49,4.56,On Time
SHP0528,2026-04-03,Delhi,Ahmedabad,Road,9.53,436.2,876.0,3.0,5.63,2.54,9619.27,3121.58,295.71,13036.55,3.94,Delayed
SHP0529,2026-03-27,Chennai,Bengaluru,Road,5.06,397.9,575.2,2.53,2.49,0.0,6433.06,1680.87,175.0,8288.93,4.96,On Time
SHP0530,2026-02-13,Bengaluru,Pune,Air,15.57,708.9,607.7,1.61,2.04,0.61,22421.54,6171.44,382.28,28975.26,4.63,Delayed
SHP0531,2026-05-17,Bengaluru,Bengaluru,Air,7.59,447.8,565.6,1.55,3.18,1.46,15842.82,3735.23,318.5,19896.55,4.51,Delayed
SHP0532,2026-06-14,Chennai,Hyderabad,Sea,12.47,696.4,1221.3,5.78,6.45,0.97,9501.77,2269.99,376.23,12147.98,4.58,Delayed
SHP0533,2026-03-15,Bengaluru,Ahmedabad,Sea,25.36,1043.1,853.3,5.21,5.81,0.49,9286.18,1749.96,598.93,11635.07,4.32,On Time
SHP0534,2026-02-05,Delhi,Ahmedabad,Rail,13.94,558.1,750.2,3.4,3.15,0.0,6007.78,1580.06,383.36,7971.2,4.89,On Time
SHP0535,2026-04-11,Delhi,Jaipur,Air,2.63,143.0,284.5,1.11,0.8,0.0,4463.44,1212.08,144.24,5819.77,5.0,On Time
SHP0536,2026-06-05,Chennai,Hyderabad,Sea,11.05,407.0,508.2,4.68,5.2,0.74,2656.63,572.73,311.9,3541.25,4.77,Delayed
SHP0537,2026-06-19,Kolkata,Pune,Air,6.91,373.4,1165.7,2.47,2.34,0.0,26428.4,7899.66,241.65,34569.71,5.0,On Time
SHP0538,2026-06-20,Mumbai,Ahmedabad,Road,18.95,778.2,666.1,2.67,3.66,1.0,10922.96,3499.76,480.33,14903.05,4.77,Delayed
SHP0539,2026-06-19,Kolkata,Ahmedabad,Road,6.35,321.8,997.9,3.19,4.75,1.48,8752.92,2933.95,287.18,11974.05,4.06,Delayed
SHP0540,2026-04-14,Bengaluru,Jaipur,Road,5.4,205.0,2049.2,4.8,6.07,2.56,13958.65,4513.93,256.41,18729.0,3.65,Delayed
SHP0541,2026-03-07,Mumbai,Lucknow,Sea,6.78,255.8,1276.7,5.86,5.58,0.0,4973.15,1213.41,192.45,6379.02,3.82,On Time
SHP0542,2026-02-24,Chennai,Pune,Rail,1.97,146.8,690.6,3.31,5.92,2.75,2884.56,779.48,163.25,3827.29,3.33,Delayed
SHP0543,2026-06-25,Chennai,Bengaluru,Road,0.7,26.1,466.3,2.37,4.46,1.57,2079.27,668.33,158.46,2906.06,4.41,Delayed
SHP0544,2026-04-01,Mumbai,Hyderabad,Rail,24.01,952.4,123.6,2.44,2.61,0.55,1431.4,417.96,573.82,2423.18,4.56,Delayed
SHP0545,2026-01-22,Delhi,Ahmedabad,Rail,8.58,347.8,582.6,3.15,4.84,1.64,3674.94,924.7,252.38,4852.03,3.94,Delayed
SHP0546,2026-04-11,Mumbai,Ahmedabad,Road,2.38,156.6,525.9,2.46,6.15,3.17,3403.23,992.23,264.89,4660.35,2.89,Delayed
SHP0547,2026-06-04,Bengaluru,Bengaluru,Road,20.31,816.3,837.7,2.94,2.48,0.0,15377.23,4011.86,440.92,19830.01,5.0,On Time
SHP0548,2026-05-01,Delhi,Pune,Rail,22.82,891.4,588.1,3.15,3.62,0.32,6820.82,1519.13,492.88,8832.83,5.0,On Time
SHP0549,2026-04-03,Chennai,Lucknow,Road,6.33,380.9,527.8,2.46,2.18,0.0,4885.05,1562.36,242.16,6689.57,5.0,On Time
SHP0550,2026-04-18,Mumbai,Ahmedabad,Air,3.75,137.6,204.5,1.0,1.57,0.74,3155.45,870.36,261.55,4287.36,3.99,Delayed
SHP0551,2026-05-21,Kolkata,Pune,Road,3.32,259.7,352.8,2.19,3.08,1.17,3225.76,985.42,150.55,4361.73,4.3,Delayed
SHP0552,2026-06-22,Kolkata,Bengaluru,Air,4.34,301.5,886.1,2.04,2.29,0.51,19100.68,4465.84,188.83,23755.35,4.62,Delayed
SHP0553,2026-01-10,Bengaluru,Jaipur,Rail,7.31,354.7,1982.9,5.3,6.95,0.7,12818.64,3693.67,289.25,16801.55,4.52,Delayed
SHP0554,2026-01-09,Kolkata,Lucknow,Rail,3.61,170.4,610.1,3.19,3.48,0.0,3066.85,706.96,184.43,3958.24,4.78,On Time
SHP0555,2026-06-04,Mumbai,Hyderabad,Air,13.02,583.4,804.4,1.91,3.22,0.92,25354.96,7457.35,342.69,33155.0,4.37,Delayed
SHP0556,2026-02-03,Mumbai,Ahmedabad,Road,0.85,69.0,1207.2,3.51,5.93,2.26,7224.83,2117.2,155.04,9497.08,4.06,Delayed
SHP0557,2026-05-09,Kolkata,Pune,Road,17.39,635.6,383.7,2.24,1.89,0.21,5520.13,1789.16,442.65,7751.93,4.22,On Time
SHP0558,2026-06-09,Mumbai,Jaipur,Road,9.02,709.5,825.0,2.92,4.3,1.24,13384.4,3413.51,318.44,17116.35,4.94,Delayed
SHP0559,2026-03-30,Bengaluru,Hyderabad,Air,3.94,275.7,401.7,1.29,1.67,0.0,8669.64,1945.14,236.11,10850.89,5.0,On Time
SHP0560,2026-04-03,Delhi,Pune,Rail,4.05,331.1,1140.4,4.0,4.71,1.01,7623.99,1532.32,203.6,9359.91,4.43,Delayed
SHP0561,2026-03-12,Bengaluru,Pune,Rail,15.97,758.0,717.2,3.35,3.85,0.16,7636.48,2051.14,417.67,10105.29,5.0,On Time
SHP0562,2026-03-08,Bengaluru,Hyderabad,Road,13.39,497.6,789.2,2.86,3.15,0.04,9664.98,2789.83,368.55,12823.37,4.47,On Time
SHP0563,2026-05-28,Mumbai,Jaipur,Road,6.38,281.7,390.8,2.25,2.94,0.04,3675.55,1134.27,252.01,5061.84,4.75,On Time
SHP0564,2026-04-27,Delhi,Bengaluru,Road,7.61,302.4,1029.2,3.23,3.49,0.41,8195.6,2714.77,258.91,11169.27,4.73,On Time
SHP0565,2026-04-04,Mumbai,Jaipur,Road,5.6,458.7,2520.1,5.53,7.13,1.98,31799.28,9725.79,220.82,41745.89,4.39,Delayed
SHP0566,2026-06-12,Chennai,Lucknow,Rail,18.73,906.0,337.6,2.77,2.64,0.0,3839.42,921.75,499.0,5260.17,4.98,On Time
SHP0567,2026-04-09,Mumbai,Ahmedabad,Road,5.96,308.1,521.2,2.45,3.36,0.4,4717.75,1315.86,280.4,6314.0,4.94,On Time
SHP0568,2026-04-23,Mumbai,Hyderabad,Road,5.53,276.5,755.6,2.81,2.93,0.76,7129.13,1904.76,166.69,9200.58,4.38,Delayed
SHP0569,2026-04-13,Mumbai,Bengaluru,Sea,4.65,353.3,1083.7,5.57,4.84,0.0,5217.67,1191.9,204.0,6613.57,5.0,On Time
SHP0570,2026-04-01,Delhi,Hyderabad,Road,8.14,354.5,451.8,2.35,4.97,2.6,4396.32,1303.25,242.35,5941.92,4.16,Delayed
SHP0571,2026-03-31,Mumbai,Hyderabad,Road,8.3,413.9,103.1,1.81,1.65,0.0,1000.04,367.81,258.5,1626.35,5.0,On Time
SHP0572,2026-01-17,Delhi,Jaipur,Air,8.04,331.8,1572.5,3.09,3.78,0.68,33223.17,8052.22,278.85,41554.25,4.6,Delayed
SHP0573,2026-01-18,Kolkata,Ahmedabad,Road,12.97,656.4,1065.6,3.29,3.62,0.0,13892.9,4551.55,376.97,18821.42,5.0,On Time
SHP0574,2026-06-22,Chennai,Lucknow,Rail,2.8,194.8,209.4,2.57,4.73,2.35,1052.72,281.63,166.54,1500.89,3.91,Delayed
SHP0575,2026-04-26,Delhi,Pune,Air,9.85,440.1,437.9,1.35,1.8,1.1,10721.29,2615.68,230.26,13567.24,4.57,Delayed
SHP0576,2026-04-03,Kolkata,Pune,Sea,6.64,449.9,1801.3,6.67,7.8,0.41,11864.51,2662.42,205.74,14732.67,5.0,On Time
SHP0577,2026-04-01,Delhi,Hyderabad,Road,5.36,206.4,1665.8,4.21,6.57,2.71,14259.3,4410.3,247.8,18917.4,3.9,Delayed
SHP0578,2026-03-23,Delhi,Ahmedabad,Sea,9.54,437.6,1196.4,5.74,6.12,0.75,6293.34,1345.26,195.89,7834.5,4.54,Delayed
SHP0579,2026-03-09,Chennai,Bengaluru,Road,6.63,456.6,579.7,2.54,3.99,1.06,6878.21,1908.2,280.86,9067.26,4.64,Delayed
SHP0580,2026-04-24,Bengaluru,Jaipur,Road,1.24,45.4,686.0,2.71,3.03,0.46,3265.45,1014.67,160.63,4440.75,4.62,On Time
SHP0581,2026-01-01,Bengaluru,Ahmedabad,Road,3.71,182.7,597.0,2.57,2.6,0.05,3872.58,1420.39,232.82,5525.79,4.65,On Time
SHP0582,2026-02-27,Delhi,Ahmedabad,Sea,10.43,792.5,1353.3,5.98,7.04,0.89,10405.41,2675.33,300.87,13381.61,4.42,Delayed
SHP0583,2026-06-03,Mumbai,Jaipur,Road,5.26,238.8,367.8,2.22,2.85,0.25,3320.22,946.53,142.55,4409.3,4.83,On Time
SHP0584,2026-04-19,Kolkata,Hyderabad,Road,2.51,156.4,385.0,2.24,4.74,2.62,2950.97,858.72,180.24,3989.93,2.98,Delayed
SHP0585,2026-05-28,Mumbai,Ahmedabad,Rail,2.24,89.9,1253.4,4.18,4.71,0.0,4818.75,1052.96,204.85,6076.55,5.0,On Time
SHP0586,2026-04-26,Mumbai,Pune,Road,4.3,171.6,631.5,2.62,4.21,2.34,4149.03,1488.98,229.83,5867.84,2.75,Delayed
SHP0587,2026-03-28,Delhi,Jaipur,Road,8.95,323.4,1592.4,4.1,5.85,1.49,13942.23,4856.01,257.84,19056.09,5.0,Delayed
SHP0588,2026-01-10,Delhi,Bengaluru,Road,2.98,148.7,420.1,2.3,3.1,1.1,2876.13,874.15,176.64,3926.92,4.92,Delayed
SHP0589,2026-02-28,Delhi,Lucknow,Road,9.66,501.2,627.3,2.62,4.73,1.63,7587.62,2610.3,275.28,10473.2,4.01,Delayed
SHP0590,2026-02-10,Delhi,Hyderabad,Road,4.91,203.9,356.9,2.2,2.42,0.17,2536.61,869.73,179.63,3585.97,4.91,On Time
SHP0591,2026-04-15,Bengaluru,Jaipur,Road,5.87,415.7,653.1,2.65,4.08,1.66,7395.2,1971.53,259.09,9625.82,4.19,Delayed
SHP0592,2026-05-13,Delhi,Lucknow,Rail,15.17,731.0,248.6,2.63,2.86,0.0,2505.5,636.61,351.14,3493.25,4.79,On Time
SHP0593,2026-05-02,Bengaluru,Lucknow,Road,14.65,706.3,473.4,2.38,2.77,0.08,7743.17,2226.01,352.39,10321.57,5.0,On Time
SHP0594,2026-05-25,Bengaluru,Bengaluru,Road,5.53,411.6,255.5,2.04,2.27,0.0,2812.64,729.85,180.88,3723.37,4.95,On Time
SHP0595,2026-01-22,Delhi,Ahmedabad,Air,3.06,164.0,1020.5,2.24,1.88,0.0,16214.97,4886.97,123.0,21224.94,4.97,On Time
SHP0596,2026-04-08,Chennai,Bengaluru,Road,8.64,336.8,1035.6,3.24,3.66,0.59,10555.63,2702.24,280.63,13538.51,4.74,Delayed
SHP0597,2026-06-18,Kolkata,Ahmedabad,Rail,10.78,419.4,211.1,2.57,3.51,0.94,1691.19,403.67,354.64,2449.49,4.03,Delayed
SHP0598,2026-03-09,Mumbai,Ahmedabad,Road,15.6,1148.2,1546.9,4.03,6.32,2.3,31165.37,10586.99,394.35,42146.72,3.75,Delayed
SHP0599,2026-05-19,Bengaluru,Jaipur,Road,1.2,89.2,3000.0,6.27,8.37,1.84,17206.08,4498.43,88.9,21793.41,4.04,Delayed
SHP0600,2026-02-25,Kolkata,Jaipur,Road,5.47,337.5,669.7,2.68,2.11,0.13,7057.56,2219.85,247.83,9525.23,4.97,On Time
SHP0601,2026-06-28,Chennai,Hyderabad,Road,12.77,491.2,428.5,2.31,3.6,1.17,4631.1,1742.29,408.87,6782.26,4.28,Delayed
SHP0602,2026-05-29,Mumbai,Ahmedabad,Road,5.2,369.6,3000.0,6.27,7.89,1.72,26710.13,9350.04,190.94,36251.11,4.45,Delayed
SHP0603,2026-04-09,Mumbai,Lucknow,Road,9.26,393.5,275.8,2.07,3.52,1.74,2821.97,812.99,269.84,3904.8,3.92,Delayed
SHP0604,2026-03-17,Bengaluru,Pune,Road,2.89,212.0,658.6,2.66,3.98,1.58,5460.72,1364.72,190.02,7015.47,4.21,Delayed
SHP0605,2026-01-26,Delhi,Hyderabad,Road,12.69,577.8,730.5,2.77,3.53,0.83,10115.57,2867.61,405.25,13388.43,5.0,Delayed
SHP0606,2026-04-25,Chennai,Jaipur,Road,6.28,354.6,1558.2,4.05,3.49,0.7,16784.91,4363.66,214.76,21363.33,4.59,Delayed
SHP0607,2026-05-27,Bengaluru,Bengaluru,Road,9.67,392.7,821.2,2.91,2.82,0.15,8554.61,2637.18,247.4,11439.2,4.99,On Time
SHP0608,2026-04-19,Chennai,Hyderabad,Road,9.63,611.7,470.1,2.37,2.32,0.25,5731.79,2280.58,315.39,8327.76,4.83,On Time
SHP0609,2026-02-16,Delhi,Hyderabad,Road,6.38,287.0,350.3,2.19,2.86,0.48,3152.71,966.18,262.81,4381.7,5.0,On Time
SHP0610,2026-03-12,Delhi,Hyderabad,Rail,10.81,685.3,520.5,3.05,3.59,0.82,5610.19,1451.66,314.77,7376.62,4.46,Delayed
SHP0611,2026-06-03,Bengaluru,Hyderabad,Road,3.4,145.1,337.8,2.17,3.61,1.52,2063.56,712.01,161.63,2937.2,4.62,Delayed
SHP0612,2026-02-09,Delhi,Pune,Air,10.54,405.7,670.5,1.71,2.75,0.5,14897.32,4348.88,344.5,19590.69,4.69,On Time
SHP0613,2026-05-13,Kolkata,Bengaluru,Rail,2.85,203.5,450.4,2.94,3.86,0.57,2102.0,620.03,189.87,2911.9,4.39,Delayed
SHP0614,2026-05-29,Mumbai,Bengaluru,Road,4.39,169.7,246.1,2.03,3.29,0.94,1792.6,520.81,172.1,2485.5,4.72,Delayed
SHP0615,2026-05-12,Bengaluru,Bengaluru,Air,19.35,900.3,1469.7,2.94,2.8,0.03,64941.77,18415.92,470.08,83827.77,4.87,On Time
SHP0616,2026-01-23,Chennai,Ahmedabad,Sea,2.11,150.6,470.4,4.62,4.81,0.0,1769.6,337.76,110.72,2218.08,5.0,On Time
SHP0617,2026-04-16,Kolkata,Lucknow,Road,6.76,358.7,285.1,2.09,2.01,0.0,3131.04,770.49,265.65,4167.18,4.04,On Time
SHP0618,2026-03-25,Bengaluru,Bengaluru,Road,2.08,142.4,582.7,2.55,2.58,0.1,3510.64,1291.92,148.19,4950.75,4.94,On Time
SHP0619,2026-05-23,Delhi,Hyderabad,Air,15.37,662.3,679.5,1.72,2.89,1.02,24281.72,6274.99,381.4,30938.12,4.28,Delayed
SHP0620,2026-04-26,Delhi,Hyderabad,Rail,6.51,269.6,208.9,2.57,2.36,0.0,1335.66,330.3,236.01,1901.97,4.63,On Time
SHP0621,2026-04-19,Delhi,Bengaluru,Road,8.35,609.9,806.4,2.89,3.98,0.56,10372.13,3875.07,271.74,14518.94,4.5,Delayed
SHP0622,2026-05-16,Delhi,Bengaluru,Road,9.69,481.9,329.1,2.16,3.37,1.27,4258.43,1035.53,325.67,5619.63,4.1,Delayed
SHP0623,2026-02-10,Chennai,Hyderabad,Road,26.45,1056.4,1976.6,4.69,7.03,2.12,37318.04,12635.68,616.72,50570.44,3.82,Delayed
SHP0624,2026-04-22,Kolkata,Ahmedabad,Road,3.3,122.5,913.7,3.06,3.57,0.0,6437.78,1677.87,174.0,8289.64,4.52,On Time
SHP0625,2026-05-27,Mumbai,Jaipur,Rail,3.67,181.7,501.2,3.02,4.93,1.55,2771.8,617.64,212.85,3602.29,4.26,Delayed
SHP0626,2026-04-22,Chennai,Jaipur,Road,16.1,591.9,400.5,2.27,3.7,1.93,5614.24,1813.08,423.86,7851.19,4.42,Delayed
SHP0627,2026-04-13,Chennai,Bengaluru,Road,8.58,416.9,607.1,2.58,2.74,0.0,6585.13,1883.67,259.44,8728.25,5.0,On Time
SHP0628,2026-02-15,Mumbai,Pune,Rail,5.49,299.8,968.1,3.74,4.04,0.0,5496.97,1471.44,214.43,7182.85,5.0,On Time
SHP0629,2026-06-05,Mumbai,Bengaluru,Road,24.32,951.1,639.3,2.63,4.94,1.99,11838.58,3998.32,552.61,16389.52,4.29,Delayed
SHP0630,2026-03-09,Delhi,Bengaluru,Road,6.84,344.1,564.4,2.52,2.78,0.65,5251.72,1493.45,260.88,7006.05,5.0,Delayed
SHP0631,2026-05-02,Chennai,Jaipur,Rail,4.08,208.6,675.1,3.29,3.06,0.0,3855.43,928.94,180.57,4964.94,5.0,On Time
SHP0632,2026-01-15,Bengaluru,Hyderabad,Air,12.18,614.0,439.0,1.35,1.7,0.0,14445.28,3865.66,325.66,18636.61,4.83,On Time
SHP0633,2026-06-14,Mumbai,Bengaluru,Road,8.97,351.0,520.0,2.45,2.73,0.55,5560.72,1773.21,350.3,7684.24,4.45,Delayed
SHP0634,2026-05-09,Mumbai,Hyderabad,Road,9.29,367.1,167.5,1.91,1.8,0.0,1475.36,491.53,320.15,2287.04,5.0,On Time
SHP0635,2026-04-21,Kolkata,Hyderabad,Road,9.32,504.8,1224.0,3.53,4.47,0.39,15711.83,4043.2,261.1,20016.13,5.0,On Time
SHP0636,2026-01-24,Bengaluru,Pune,Road,8.94,515.9,789.3,2.86,3.68,0.83,10563.68,3002.37,300.94,13866.98,4.81,Delayed
SHP0637,2026-01-27,Bengaluru,Hyderabad,Road,3.58,180.1,393.2,2.25,4.26,2.26,3058.01,752.08,188.55,3998.64,4.42,Delayed
SHP0638,2026-02-09,Mumbai,Jaipur,Road,6.13,289.4,2233.1,5.09,6.09,1.31,18004.68,6902.36,243.97,25151.01,4.28,Delayed
SHP0639,2026-06-13,Delhi,Ahmedabad,Road,2.11,133.7,687.8,2.71,4.7,1.87,4086.41,1162.51,162.85,5411.77,4.12,Delayed
SHP0640,2026-01-24,Kolkata,Ahmedabad,Road,10.39,420.5,331.5,2.16,3.92,2.23,3148.87,1190.61,348.6,4688.08,3.43,Delayed
SHP0641,2026-01-24,Bengaluru,Lucknow,Road,17.64,891.6,1134.4,3.4,5.54,2.23,20487.19,6399.96,449.59,27336.75,4.52,Delayed
SHP0642,2026-01-04,Mumbai,Bengaluru,Road,3.21,185.1,841.9,2.95,4.15,1.08,6377.06,1786.18,175.62,8338.86,4.29,Delayed
SHP0643,2026-03-08,Bengaluru,Jaipur,Road,1.59,116.1,840.0,2.94,3.4,0.0,5959.49,1371.63,185.13,7516.25,4.89,On Time
SHP0644,2026-02-03,Kolkata,Hyderabad,Road,3.65,230.8,492.9,2.41,3.9,1.26,3848.05,1240.42,193.89,5282.36,4.19,Delayed
SHP0645,2026-06-26,Kolkata,Ahmedabad,Road,8.11,298.2,871.1,2.99,4.59,1.85,7502.83,2458.29,270.21,10231.33,3.76,Delayed
SHP0646,2026-04-26,Chennai,Jaipur,Air,8.75,518.4,548.3,1.52,2.4,0.47,15716.85,3901.88,288.53,19907.25,4.49,On Time
SHP0647,2026-01-23,Mumbai,Ahmedabad,Rail,4.11,279.6,932.9,3.69,5.88,2.29,6081.27,1510.8,190.71,7782.78,3.55,Delayed
SHP0648,2026-04-19,Kolkata,Hyderabad,Rail,8.23,424.8,188.4,2.54,3.52,1.41,1561.0,322.71,268.44,2152.14,3.75,Delayed
SHP0649,2026-03-10,Chennai,Ahmedabad,Air,4.27,252.6,490.3,1.43,2.49,1.12,10024.62,2445.7,176.36,12646.68,4.11,Delayed
SHP0650,2026-04-05,Chennai,Bengaluru,Road,3.87,308.2,1991.0,4.71,7.9,2.69,17834.95,5646.82,163.41,23645.18,4.2,Delayed
SHP0651,2026-03-03,Bengaluru,Bengaluru,Road,3.51,204.1,394.8,2.26,3.45,1.13,3105.59,799.08,148.14,4052.81,4.63,Delayed
SHP0652,2026-06-18,Bengaluru,Lucknow,Road,3.39,163.7,439.0,2.33,2.33,0.0,3353.25,1044.18,132.28,4529.71,5.0,On Time
SHP0653,2026-02-26,Chennai,Lucknow,Rail,11.01,528.8,485.8,3.0,3.62,0.05,4138.59,977.09,287.47,5403.15,5.0,On Time
SHP0654,2026-02-23,Bengaluru,Ahmedabad,Rail,4.67,263.6,295.1,2.7,3.95,1.75,1618.99,361.31,197.92,2178.22,4.68,Delayed
SHP0655,2026-03-11,Kolkata,Jaipur,Road,8.48,442.5,154.7,1.89,1.44,0.0,1574.4,514.83,276.2,2365.43,4.38,On Time
SHP0656,2026-04-11,Delhi,Bengaluru,Road,5.55,202.0,559.5,2.51,2.52,0.58,3737.03,1319.71,210.33,5267.07,4.25,Delayed
SHP0657,2026-02-26,Kolkata,Jaipur,Road,6.23,345.5,710.0,2.74,2.87,0.0,7213.94,2123.22,149.71,9486.88,4.72,On Time
SHP0658,2026-05-18,Chennai,Jaipur,Road,1.14,70.4,628.2,2.62,5.26,2.58,3242.7,1102.19,195.54,4540.43,3.41,Delayed
SHP0659,2026-06-17,Chennai,Ahmedabad,Rail,4.39,275.9,591.6,3.16,5.93,2.23,3336.34,734.37,236.97,4307.67,3.67,Delayed
SHP0660,2026-05-15,Kolkata,Jaipur,Rail,4.18,216.3,668.4,3.28,3.36,0.0,3442.52,798.6,210.83,4451.95,4.84,On Time
SHP0661,2026-04-13,Bengaluru,Bengaluru,Road,15.64,647.7,1263.7,3.59,4.4,0.95,17957.22,6132.96,468.34,24558.52,4.56,Delayed
SHP0662,2026-06-15,Bengaluru,Hyderabad,Sea,2.24,146.5,574.3,4.78,4.78,0.0,2007.6,380.82,126.13,2514.54,5.0,On Time
SHP0663,2026-03-26,Chennai,Lucknow,Rail,7.38,315.9,447.6,2.94,4.14,1.16,2988.78,760.97,318.84,4068.59,4.11,Delayed
SHP0664,2026-03-02,Mumbai,Hyderabad,Road,5.15,417.5,541.4,2.48,3.21,1.31,5171.76,1579.42,178.94,6930.12,3.52,Delayed
SHP0665,2026-01-03,Bengaluru,Jaipur,Road,11.19,598.4,947.2,3.11,5.67,1.61,11458.75,4369.64,329.81,16158.2,3.77,Delayed
SHP0666,2026-05-08,Kolkata,Hyderabad,Road,13.51,553.4,1627.5,4.15,6.27,1.93,20582.36,6201.22,318.61,27102.19,3.75,Delayed
SHP0667,2026-06-28,Bengaluru,Bengaluru,Road,5.77,331.0,432.1,2.31,6.12,3.74,3922.3,1299.28,224.31,5445.89,2.86,Delayed
SHP0668,2026-03-27,Kolkata,Bengaluru,Road,7.55,359.0,693.2,2.72,2.93,0.0,6493.08,1889.86,269.35,8652.29,4.6,On Time
SHP0669,2026-02-16,Chennai,Jaipur,Road,9.89,647.4,809.9,2.9,3.14,0.0,10161.9,3119.05,292.64,13573.58,4.83,On Time
SHP0670,2026-03-17,Bengaluru,Ahmedabad,Road,7.81,327.3,341.0,2.17,2.53,0.41,3506.79,901.71,285.61,4694.11,4.38,On Time
SHP0671,2026-02-07,Kolkata,Hyderabad,Road,4.9,381.6,658.7,2.66,2.44,0.0,7010.66,1844.19,211.64,9066.49,4.96,On Time
SHP0672,2026-06-13,Chennai,Ahmedabad,Air,16.9,659.1,250.7,1.06,1.27,0.0,7402.11,2121.56,405.89,9929.56,4.62,On Time
SHP0673,2026-06-18,Mumbai,Ahmedabad,Road,17.24,1136.3,205.8,1.97,2.1,0.0,3879.15,1400.38,410.45,5689.98,4.7,On Time
SHP0674,2026-05-21,Kolkata,Pune,Road,10.41,400.6,825.0,2.92,2.64,0.0,9602.95,2746.74,335.82,12685.51,4.54,On Time
SHP0675,2026-03-28,Mumbai,Jaipur,Road,8.19,464.1,506.5,2.43,2.93,0.0,6005.53,1953.13,244.5,8203.16,4.95,On Time
SHP0676,2026-02-27,Mumbai,Lucknow,Sea,12.83,544.3,741.3,5.04,6.21,1.07,4800.75,1144.52,382.89,6328.16,4.11,Delayed
SHP0677,2026-02-19,Delhi,Bengaluru,Road,11.22,655.6,642.5,2.64,3.19,0.29,9511.63,2963.57,364.68,12839.88,5.0,On Time
SHP0678,2026-01-30,Bengaluru,Bengaluru,Road,16.07,606.7,344.6,2.18,3.29,0.62,4907.15,1419.63,350.91,6677.69,4.8,Delayed
SHP0679,2026-04-11,Kolkata,Jaipur,Sea,3.37,240.4,631.2,4.87,6.32,1.44,2894.45,580.96,220.35,3695.76,4.18,Delayed
SHP0680,2026-01-25,Mumbai,Lucknow,Air,6.18,416.1,291.6,1.12,1.23,0.0,7094.11,1885.16,303.39,9282.65,4.72,On Time
SHP0681,2026-04-22,Delhi,Bengaluru,Air,12.11,609.0,1605.4,3.14,4.51,1.09,48646.35,15021.74,346.83,64014.92,4.54,Delayed
SHP0682,2026-06-04,Chennai,Jaipur,Road,9.74,731.6,269.2,2.06,2.98,1.17,3615.67,1195.48,316.25,5127.4,4.6,Delayed
SHP0683,2026-06-28,Kolkata,Bengaluru,Road,4.79,316.3,572.3,2.53,2.55,0.0,5826.0,1383.44,242.46,7451.9,5.0,On Time
SHP0684,2026-05-06,Mumbai,Ahmedabad,Rail,11.12,410.4,330.1,2.76,2.8,0.0,2487.86,614.98,310.53,3413.38,5.0,On Time
SHP0685,2026-05-03,Bengaluru,Hyderabad,Sea,12.09,437.6,941.8,5.35,5.91,0.9,5069.02,1100.07,343.94,6513.04,4.67,Delayed
SHP0686,2026-02-16,Delhi,Hyderabad,Rail,6.34,352.1,524.0,3.06,4.91,1.04,3905.37,954.36,188.2,5047.94,4.75,Delayed
SHP0687,2026-04-28,Mumbai,Bengaluru,Rail,10.82,404.3,464.0,2.96,5.09,2.61,3720.82,907.75,319.69,4948.27,3.61,Delayed
SHP0688,2026-02-08,Bengaluru,Pune,Road,1.39,67.2,1131.8,3.39,3.89,0.96,7141.85,1622.82,162.48,8927.16,4.71,Delayed
SHP0689,2026-01-16,Mumbai,Lucknow,Air,24.47,1500.0,662.6,1.69,3.52,1.37,43484.5,9956.77,578.59,54019.86,3.97,Delayed
SHP0690,2026-01-22,Kolkata,Lucknow,Road,7.17,308.4,909.4,3.05,3.9,0.6,9286.12,2543.09,286.31,12115.52,4.51,Delayed
SHP0691,2026-02-23,Kolkata,Lucknow,Road,7.28,322.8,343.5,2.18,2.92,1.1,3007.91,1017.95,223.88,4249.74,4.52,Delayed
SHP0692,2026-05-29,Kolkata,Ahmedabad,Road,2.98,107.0,260.8,2.05,4.73,2.47,1755.73,445.93,154.94,2356.6,3.76,Delayed
SHP0693,2026-01-16,Delhi,Lucknow,Road,1.52,93.7,696.9,2.72,3.24,0.0,4528.01,1313.71,213.74,6055.46,5.0,On Time
SHP0694,2026-02-28,Kolkata,Hyderabad,Road,10.36,455.1,528.3,2.46,3.67,1.21,5552.08,1904.38,301.15,7757.6,4.72,Delayed
SHP0695,2026-01-31,Bengaluru,Ahmedabad,Road,7.83,610.3,976.7,3.15,7.0,2.94,11886.97,3932.4,267.98,16087.34,2.89,Delayed
SHP0696,2026-06-19,Mumbai,Jaipur,Rail,7.59,549.4,617.1,3.2,3.43,0.83,6017.01,1134.42,254.32,7405.75,4.2,Delayed
SHP0697,2026-02-01,Chennai,Lucknow,Road,2.43,201.7,742.7,2.79,5.49,2.45,5356.89,1826.82,135.03,7318.74,3.73,Delayed
SHP0698,2026-06-11,Bengaluru,Lucknow,Rail,14.88,531.6,226.3,2.6,3.01,0.0,2110.92,433.95,444.68,2989.56,4.75,On Time
SHP0699,2026-01-09,Bengaluru,Jaipur,Road,7.94,319.8,2218.2,5.06,6.94,1.57,18144.98,6968.47,244.5,25357.94,5.0,Delayed
SHP0700,2026-05-19,Kolkata,Lucknow,Road,6.74,274.1,584.2,2.55,3.31,0.83,4460.18,1502.81,201.84,6164.83,4.72,Delayed
SHP0701,2026-01-10,Delhi,Jaipur,Road,2.75,136.4,1022.9,3.22,3.12,0.0,6740.24,2066.51,153.7,8960.45,4.97,On Time
SHP0702,2026-01-17,Mumbai,Ahmedabad,Road,3.67,218.3,377.5,2.23,2.39,0.0,2767.85,993.75,115.95,3877.55,4.82,On Time
SHP0703,2026-03-09,Delhi,Hyderabad,Road,6.65,461.2,794.1,2.87,3.16,0.0,9398.98,3111.98,216.9,12727.86,4.83,On Time
SHP0704,2026-02-17,Mumbai,Jaipur,Road,6.85,413.6,278.7,2.08,3.91,1.62,3010.75,885.64,209.36,4105.75,4.12,Delayed
SHP0705,2026-06-29,Mumbai,Pune,Road,6.83,379.3,872.0,2.99,5.03,1.67,7947.04,2499.48,264.61,10711.13,4.12,Delayed
SHP0706,2026-04-21,Delhi,Jaipur,Sea,1.55,64.2,515.7,4.69,5.21,0.87,1401.88,340.85,124.27,1867.01,4.36,Delayed
SHP0707,2026-06-02,Bengaluru,Lucknow,Road,7.87,381.6,662.5,2.67,4.21,1.62,6558.9,2045.76,292.79,8897.46,4.01,Delayed
SHP0708,2026-05-03,Mumbai,Ahmedabad,Air,3.15,238.2,1023.2,2.25,2.31,0.39,17579.97,4574.77,225.7,22380.44,5.0,On Time
SHP0709,2026-05-29,Delhi,Bengaluru,Road,5.1,415.3,291.7,2.1,3.97,2.0,3327.99,1083.89,239.2,4651.07,4.38,Delayed
SHP0710,2026-04-11,Mumbai,Ahmedabad,Rail,9.09,666.5,416.6,2.89,3.8,0.56,4047.06,927.36,276.07,5250.48,4.78,Delayed
SHP0711,2026-04-12,Chennai,Bengaluru,Air,4.84,260.7,875.0,2.02,2.67,0.61,15262.84,3860.0,212.08,19334.92,4.2,Delayed
SHP0712,2026-03-06,Bengaluru,Jaipur,Rail,9.84,365.4,2542.3,6.16,8.16,1.08,17487.13,3624.07,243.78,21354.98,4.59,Delayed
SHP0713,2026-02-20,Kolkata,Hyderabad,Road,21.05,948.1,594.2,2.56,4.12,1.48,9823.23,3616.36,494.13,13933.73,4.73,Delayed
SHP0714,2026-02-05,Mumbai,Pune,Road,10.02,403.5,954.5,3.12,3.52,0.38,9121.4,3259.4,270.21,12651.01,5.0,On Time
SHP0715,2026-03-22,Chennai,Ahmedabad,Road,6.61,339.5,606.3,2.58,4.4,1.78,5439.31,1687.06,263.23,7389.6,4.28,Delayed
SHP0716,2026-05-07,Kolkata,Lucknow,Sea,3.63,203.8,2297.2,7.43,7.43,0.22,10029.49,1873.06,275.31,12177.87,5.0,On Time
SHP0717,2026-03-29,Kolkata,Bengaluru,Air,7.41,539.8,208.8,1.0,0.98,0.0,6565.77,1554.54,270.95,8391.26,5.0,On Time
SHP0718,2026-04-14,Mumbai,Lucknow,Sea,4.72,181.4,691.2,4.96,6.6,1.24,2868.88,598.62,135.28,3602.78,4.54,Delayed
SHP0719,2026-01-15,Delhi,Hyderabad,Road,16.75,682.6,226.0,2.0,2.75,0.71,3148.09,900.97,408.77,4457.83,4.37,Delayed
SHP0720,2026-04-06,Mumbai,Bengaluru,Rail,7.31,497.5,127.4,2.45,2.26,0.1,991.0,288.93,255.83,1535.76,5.0,On Time
SHP0721,2026-06-16,Chennai,Ahmedabad,Sea,4.92,243.4,788.7,5.11,6.23,1.44,3447.31,674.7,211.56,4333.57,4.67,Delayed
SHP0722,2026-05-03,Kolkata,Jaipur,Road,4.12,208.3,711.7,2.74,2.78,0.19,5756.71,1898.59,168.66,7823.96,4.69,On Time
SHP0723,2026-01-01,Mumbai,Lucknow,Road,4.66,211.6,540.1,2.48,3.11,0.6,4667.73,1137.23,212.38,6017.34,4.37,Delayed
SHP0724,2026-05-31,Delhi,Hyderabad,Rail,2.58,95.0,606.6,3.18,5.55,1.95,2322.89,631.22,122.94,3077.05,3.96,Delayed
SHP0725,2026-05-02,Mumbai,Ahmedabad,Rail,9.55,449.0,3000.0,6.87,9.29,2.89,20707.62,5178.44,258.87,26144.93,3.33,Delayed
SHP0726,2026-06-16,Bengaluru,Ahmedabad,Air,1.47,71.1,549.6,1.52,3.53,2.12,7519.67,1596.61,169.04,9285.31,4.06,Delayed
SHP0727,2026-05-06,Delhi,Ahmedabad,Road,4.18,326.8,905.6,3.04,3.61,0.52,9177.32,2910.1,159.78,12247.2,4.56,Delayed
SHP0728,2026-02-26,Chennai,Ahmedabad,Air,4.09,314.4,426.2,1.33,2.47,1.78,9739.49,2670.81,212.43,12622.74,4.62,Delayed
SHP0729,2026-03-22,Kolkata,Bengaluru,Road,4.23,281.8,787.5,2.86,2.57,0.0,7175.93,2043.84,148.14,9367.91,4.55,On Time
SHP0730,2026-06-11,Mumbai,Ahmedabad,Road,5.6,447.2,556.8,2.51,2.27,0.0,6865.82,2047.31,282.55,9195.68,5.0,On Time
SHP0731,2026-06-18,Delhi,Lucknow,Road,5.83,243.8,497.8,2.42,2.14,0.0,4088.05,1260.85,197.77,5546.67,4.73,On Time
SHP0732,2026-03-14,Bengaluru,Hyderabad,Air,9.01,382.1,2120.2,3.94,7.03,3.02,54387.45,14790.94,274.31,69452.7,2.71,Delayed
SHP0733,2026-05-21,Delhi,Bengaluru,Rail,9.68,682.5,1397.1,4.4,4.34,0.0,15656.67,3285.22,305.75,19247.64,5.0,On Time
SHP0734,2026-03-11,Bengaluru,Ahmedabad,Road,12.11,477.4,710.4,2.74,3.22,0.67,8892.15,2583.81,318.27,11794.23,4.54,Delayed
SHP0735,2026-01-06,Chennai,Pune,Road,3.86,266.8,145.4,1.87,2.02,0.0,1182.27,376.4,194.55,1753.21,4.61,On Time
SHP0736,2026-03-25,Kolkata,Pune,Air,5.81,345.6,514.0,1.47,3.31,1.25,10546.44,2928.36,244.77,13719.57,3.73,Delayed
SHP0737,2026-02-21,Chennai,Hyderabad,Road,4.51,282.0,3000.0,6.27,8.06,1.22,26524.99,8962.64,234.75,35722.39,4.32,Delayed
SHP0738,2026-01-03,Mumbai,Jaipur,Air,5.6,311.7,559.5,1.54,0.86,0.0,11622.76,2835.31,248.44,14706.52,5.0,On Time
SHP0739,2026-03-22,Delhi,Jaipur,Road,6.25,388.9,1331.5,3.7,5.14,1.24,14929.4,3797.07,226.52,18952.98,4.52,Delayed
SHP0740,2026-03-04,Bengaluru,Bengaluru,Road,2.62,132.0,1659.4,4.2,4.31,0.17,9871.67,3316.5,161.96,13350.13,4.93,On Time
SHP0741,2026-02-18,Bengaluru,Bengaluru,Road,2.05,110.5,749.4,2.8,2.86,0.0,4426.94,1452.41,239.07,6118.41,5.0,On Time
SHP0742,2026-03-17,Delhi,Bengaluru,Road,5.35,192.6,376.1,2.23,2.09,0.0,2972.58,766.8,249.58,3988.96,4.99,On Time
SHP0743,2026-04-22,Delhi,Jaipur,Rail,5.92,459.3,133.5,2.46,2.5,0.0,945.14,246.49,194.33,1385.96,4.5,On Time
SHP0744,2026-06-24,Mumbai,Pune,Road,7.07,495.0,1014.0,3.21,4.24,0.98,11458.1,4249.76,250.68,15958.54,3.96,Delayed
SHP0745,2026-04-19,Chennai,Jaipur,Road,6.89,536.4,382.7,2.24,2.04,0.0,4619.26,1377.44,232.3,6229.0,4.93,On Time
SHP0746,2026-03-06,Bengaluru,Lucknow,Air,4.35,197.7,728.9,1.8,1.48,0.0,12941.33,3474.34,193.59,16609.26,4.94,On Time
SHP0747,2026-03-22,Mumbai,Ahmedabad,Road,4.69,364.2,288.5,2.09,2.73,0.8,2628.12,948.88,161.36,3738.36,4.86,Delayed
SHP0748,2026-01-15,Chennai,Bengaluru,Road,6.9,271.9,547.1,2.49,2.83,0.26,5109.48,1413.86,229.83,6753.17,5.0,On Time
SHP0749,2026-04-10,Mumbai,Pune,Sea,6.45,319.5,664.4,4.92,7.67,2.54,3213.25,804.26,299.51,4317.02,3.81,Delayed
SHP0750,2026-02-01,Bengaluru,Hyderabad,Rail,5.5,269.0,774.0,3.44,6.12,2.38,5057.46,1172.41,239.19,6469.07,3.59,Delayed
SHP0751,2026-04-06,Delhi,Hyderabad,Road,8.43,401.7,314.9,2.13,1.96,0.0,3269.97,1009.97,184.53,4464.47,4.52,On Time
SHP0752,2026-05-08,Delhi,Ahmedabad,Sea,3.32,225.0,1415.1,6.08,7.28,1.11,5596.03,1300.15,222.26,7118.44,4.54,Delayed
SHP0753,2026-05-26,Chennai,Pune,Rail,9.72,641.2,441.0,2.93,4.56,1.3,3894.47,1111.16,333.14,5338.77,4.47,Delayed
SHP0754,2026-04-23,Kolkata,Jaipur,Road,11.02,644.3,218.9,1.99,2.6,0.2,2691.47,992.64,305.77,3989.87,4.05,On Time
SHP0755,2026-03-24,Chennai,Jaipur,Road,9.7,451.3,605.5,2.58,2.56,0.0,6820.88,2350.7,319.71,9491.29,4.71,On Time
SHP0756,2026-02-12,Kolkata,Lucknow,Air,9.22,600.4,664.7,1.7,2.16,0.54,18383.89,5345.89,255.93,23985.71,4.46,Delayed
SHP0757,2026-04-26,Mumbai,Lucknow,Rail,1.78,128.3,721.5,3.36,3.8,0.38,3185.77,711.18,135.56,4032.51,4.83,On Time
SHP0758,2026-06-12,Mumbai,Jaipur,Road,18.21,661.7,1575.5,4.07,4.84,1.16,22865.96,6475.83,500.26,29842.04,4.08,Delayed
SHP0759,2026-03-19,Bengaluru,Hyderabad,Air,5.28,427.1,557.4,1.53,2.46,0.99,13088.98,3235.87,205.44,16530.29,4.44,Delayed
SHP0760,2026-02-27,Kolkata,Bengaluru,Air,5.81,233.7,601.4,1.6,1.86,0.0,10222.87,2534.06,159.05,12915.99,4.93,On Time
SHP0761,2026-02-02,Bengaluru,Hyderabad,Road,5.39,219.0,317.3,2.14,2.36,0.0,2649.64,835.96,214.79,3700.39,4.94,On Time
SHP0762,2026-01-14,Delhi,Lucknow,Road,13.16,785.3,1108.0,3.35,4.17,0.91,19615.41,5941.13,354.1,25910.64,4.25,Delayed
SHP0763,2026-06-11,Kolkata,Ahmedabad,Road,7.67,541.2,732.7,2.78,4.04,1.19,8263.13,3008.92,299.98,11572.03,4.12,Delayed
SHP0764,2026-05-12,Chennai,Jaipur,Rail,4.51,314.4,494.7,3.01,2.72,0.0,2901.78,784.21,201.61,3887.6,4.62,On Time
SHP0765,2026-02-28,Delhi,Lucknow,Road,2.95,127.2,188.5,1.94,3.91,1.73,1362.89,402.02,158.29,1923.2,4.18,Delayed
SHP0766,2026-06-06,Delhi,Lucknow,Rail,15.16,680.2,1662.1,4.81,4.78,0.0,14854.58,4103.58,429.44,19387.6,5.0,On Time
SHP0767,2026-03-24,Chennai,Bengaluru,Air,4.03,164.5,292.7,1.13,1.03,0.0,5269.49,1372.03,196.85,6838.37,4.73,On Time
SHP0768,2026-05-14,Delhi,Jaipur,Air,7.42,275.0,442.6,1.36,1.52,0.29,7720.85,2238.15,227.38,10186.37,5.0,On Time
SHP0769,2026-05-01,Kolkata,Bengaluru,Road,7.25,314.2,820.5,2.91,3.05,0.16,8228.99,2617.36,290.89,11137.24,4.8,On Time
SHP0770,2026-06-26,Bengaluru,Jaipur,Air,3.14,216.9,298.6,1.13,0.98,0.0,5093.14,1494.17,183.36,6770.67,5.0,On Time
SHP0771,2026-06-17,Delhi,Bengaluru,Road,4.86,305.8,246.2,2.03,4.93,2.67,2471.92,636.41,207.6,3315.92,3.31,Delayed
SHP0772,2026-03-24,Kolkata,Hyderabad,Air,8.73,342.6,163.4,1.0,0.86,0.0,3442.24,987.57,283.31,4713.12,4.29,On Time
SHP0773,2026-01-27,Mumbai,Ahmedabad,Road,4.64,302.0,1038.6,3.25,7.05,3.24,9724.92,2905.12,165.97,12796.01,3.36,Delayed
SHP0774,2026-03-21,Kolkata,Ahmedabad,Road,5.44,413.1,456.0,2.35,4.1,1.24,4358.56,1342.63,199.39,5900.58,4.41,Delayed
SHP0775,2026-05-14,Bengaluru,Jaipur,Air,18.63,801.2,3000.0,5.29,6.42,1.44,104600.87,31843.59,455.47,136899.93,4.22,Delayed
SHP0776,2026-01-13,Kolkata,Pune,Road,2.43,131.8,340.6,2.17,3.47,1.28,2387.42,628.07,156.93,3172.43,4.07,Delayed
SHP0777,2026-03-05,Chennai,Lucknow,Road,10.08,377.1,357.1,2.2,5.3,3.33,3635.06,967.59,345.89,4948.54,3.16,Delayed
SHP0778,2026-05-27,Bengaluru,Lucknow,Rail,3.71,165.7,450.1,2.94,2.83,0.0,2435.7,585.2,194.45,3215.35,4.82,On Time
SHP0779,2026-03-21,Mumbai,Jaipur,Rail,1.65,122.7,761.3,3.42,4.12,0.0,3350.16,820.64,179.63,4350.43,4.89,On Time
SHP0780,2026-05-03,Chennai,Bengaluru,Rail,15.63,575.4,478.8,2.99,2.88,0.0,4693.87,1178.38,401.68,6273.92,5.0,On Time
SHP0781,2026-02-12,Kolkata,Pune,Rail,6.39,395.8,967.8,3.74,4.45,0.58,6889.92,1776.93,271.93,8938.78,4.74,Delayed
SHP0782,2026-03-30,Bengaluru,Hyderabad,Road,2.04,117.1,344.1,2.18,2.37,0.0,2442.54,619.83,170.58,3232.94,5.0,On Time
SHP0783,2026-05-28,Mumbai,Bengaluru,Road,5.63,305.6,264.8,2.06,2.53,0.82,2670.0,740.8,221.9,3632.7,4.47,Delayed
SHP0784,2026-04-05,Chennai,Bengaluru,Road,2.47,193.0,202.0,1.96,4.15,2.49,1444.68,477.6,164.06,2086.33,3.51,Delayed
SHP0785,2026-06-21,Mumbai,Jaipur,Road,6.22,312.1,153.2,1.89,2.41,0.95,1535.53,491.3,198.64,2225.46,4.07,Delayed
SHP0786,2026-05-31,Kolkata,Jaipur,Sea,7.05,504.8,464.2,4.61,4.56,0.26,3171.6,603.4,264.72,4039.72,4.73,On Time
SHP0787,2026-01-02,Mumbai,Lucknow,Rail,8.77,476.5,534.5,3.07,2.07,0.0,3986.36,1161.78,276.53,5424.67,3.84,On Time
SHP0788,2026-04-30,Delhi,Jaipur,Road,4.76,270.2,431.2,2.31,4.2,1.7,3805.63,1271.86,188.07,5265.57,3.86,Delayed
SHP0789,2026-01-22,Chennai,Jaipur,Road,14.38,590.3,1458.5,3.89,4.61,0.0,17251.92,6367.45,417.61,24036.98,4.97,On Time
SHP0790,2026-04-25,Mumbai,Jaipur,Sea,17.69,711.9,1444.0,6.12,8.57,2.4,12299.0,2897.05,394.68,15590.73,3.88,Delayed
SHP0791,2026-02-26,Kolkata,Lucknow,Road,7.36,509.5,522.9,2.45,4.69,2.73,5792.57,1908.64,237.78,7938.98,3.4,Delayed
SHP0792,2026-03-13,Kolkata,Hyderabad,Rail,4.34,242.9,202.5,2.56,3.14,0.81,1031.79,309.81,234.09,1575.68,4.68,Delayed
SHP0793,2026-01-07,Mumbai,Hyderabad,Road,5.72,318.2,449.7,2.34,2.97,0.79,4065.84,1358.5,234.0,5658.35,3.8,Delayed
SHP0794,2026-04-29,Kolkata,Jaipur,Rail,11.36,787.4,440.1,2.93,4.15,1.58,4986.64,1048.76,322.75,6358.15,4.11,Delayed
SHP0795,2026-04-24,Bengaluru,Lucknow,Road,7.0,282.6,424.0,2.3,4.5,1.89,4026.38,1273.55,254.83,5554.76,3.37,Delayed
SHP0796,2026-01-16,Bengaluru,Hyderabad,Air,11.13,477.3,413.0,1.31,1.59,0.0,12179.19,2968.85,326.59,15474.63,4.58,On Time
SHP0797,2026-03-24,Bengaluru,Bengaluru,Sea,3.23,215.0,425.1,4.55,4.17,0.02,1719.0,370.42,125.14,2214.56,4.92,On Time
SHP0798,2026-06-28,Delhi,Hyderabad,Rail,10.59,592.6,505.6,3.03,3.28,0.0,4149.68,1163.17,298.35,5611.21,5.0,On Time
SHP0799,2026-03-13,Mumbai,Hyderabad,Rail,2.73,199.3,430.0,2.91,4.41,0.96,2389.5,474.53,225.7,3089.73,4.6,Delayed
SHP0800,2026-05-04,Delhi,Lucknow,Sea,7.2,326.5,744.3,5.05,6.93,1.22,3742.96,798.4,226.53,4767.9,4.34,Delayed
SHP0801,2026-04-23,Kolkata,Bengaluru,Rail,6.52,467.9,821.6,3.51,4.52,0.0,6432.43,1744.44,226.27,8403.15,4.99,On Time
SHP0802,2026-01-12,Delhi,Lucknow,Road,24.32,875.5,359.6,2.2,2.23,0.34,5932.16,1697.27,538.74,8168.17,4.56,On Time
SHP0803,2026-05-06,Kolkata,Jaipur,Rail,9.59,391.6,1485.0,4.53,5.52,0.0,10647.58,2398.39,289.59,13335.55,4.81,On Time
SHP0804,2026-02-22,Kolkata,Ahmedabad,Rail,5.35,293.3,343.8,2.78,2.65,0.0,2043.31,432.15,195.92,2671.37,5.0,On Time
SHP0805,2026-03-16,Chennai,Hyderabad,Road,5.95,280.1,227.1,2.0,3.14,1.35,2100.84,589.79,244.2,2934.83,3.77,Delayed
SHP0806,2026-05-13,Bengaluru,Ahmedabad,Rail,15.37,578.3,832.5,3.53,3.65,0.0,7599.72,1973.61,403.61,9976.94,5.0,On Time
SHP0807,2026-01-27,Kolkata,Lucknow,Sea,9.32,446.8,382.1,4.49,4.53,0.25,2443.86,540.91,314.88,3299.65,4.73,On Time
SHP0808,2026-05-20,Chennai,Lucknow,Sea,7.39,499.3,801.0,5.13,5.27,0.0,5070.02,1265.38,216.15,6551.55,5.0,On Time
SHP0809,2026-05-25,Bengaluru,Lucknow,Road,13.67,757.2,136.3,1.86,2.38,0.99,1990.12,697.11,354.23,3041.47,4.79,Delayed
SHP0810,2026-05-14,Kolkata,Ahmedabad,Road,9.08,356.4,1606.9,4.12,5.59,1.56,17094.67,4511.26,275.6,21881.53,3.56,Delayed
SHP0811,2026-04-07,Kolkata,Lucknow,Sea,9.57,429.1,1006.2,5.45,5.9,0.0,5845.89,1437.5,308.24,7591.63,4.8,On Time
SHP0812,2026-01-05,Delhi,Jaipur,Air,6.23,277.8,245.1,1.05,1.39,0.36,4532.38,1408.08,204.29,6144.76,4.5,On Time
SHP0813,2026-02-26,Delhi,Lucknow,Road,5.42,209.7,248.6,2.03,3.06,0.98,1970.72,591.25,249.69,2811.66,3.83,Delayed
SHP0814,2026-06-05,Bengaluru,Pune,Sea,6.22,236.4,1927.4,6.87,7.57,0.54,7942.94,1878.4,273.45,10094.8,4.34,Delayed
SHP0815,2026-03-19,Kolkata,Ahmedabad,Air,1.36,51.0,402.5,1.29,1.7,0.0,5407.54,1420.17,109.94,6937.64,5.0,On Time
SHP0816,2026-03-10,Mumbai,Pune,Road,6.29,465.2,377.9,2.23,4.26,2.61,4252.42,1428.4,216.01,5896.83,3.78,Delayed
SHP0817,2026-04-28,Delhi,Lucknow,Rail,9.08,438.5,149.0,2.48,2.68,0.0,1199.61,265.53,264.83,1729.97,5.0,On Time
SHP0818,2026-04-30,Bengaluru,Jaipur,Road,10.96,459.7,517.5,2.45,3.06,0.7,5279.56,1941.48,409.46,7630.49,4.9,Delayed
SHP0819,2026-02-28,Kolkata,Hyderabad,Road,4.84,200.8,560.6,2.51,4.38,1.81,4138.55,1103.71,192.1,5434.36,3.74,Delayed
SHP0820,2026-02-02,Kolkata,Bengaluru,Road,5.19,239.0,1034.9,3.24,7.94,4.33,9379.67,2466.25,272.1,12118.02,2.49,Delayed
SHP0821,2026-03-03,Mumbai,Bengaluru,Air,3.43,234.1,261.8,1.08,0.66,0.0,5188.14,1243.62,137.49,6569.25,5.0,On Time
SHP0822,2026-02-19,Bengaluru,Lucknow,Road,15.46,624.5,242.0,2.02,2.92,1.25,3038.19,940.24,363.66,4342.09,4.47,Delayed
SHP0823,2026-04-22,Kolkata,Jaipur,Road,9.02,383.3,871.4,2.99,2.41,0.09,8413.58,2359.46,258.25,11031.28,4.75,On Time
SHP0824,2026-01-19,Delhi,Ahmedabad,Road,4.74,354.1,1250.6,3.57,3.64,0.26,11730.06,3361.04,175.67,15266.77,4.33,On Time
SHP0825,2026-05-03,Mumbai,Pune,Road,10.2,525.0,234.1,2.01,2.56,0.08,2968.88,940.67,294.17,4203.72,5.0,On Time
SHP0826,2026-02-16,Bengaluru,Pune,Sea,3.47,234.6,1312.9,5.92,5.88,0.0,5928.21,1313.54,157.63,7399.38,4.95,On Time
SHP0827,2026-06-16,Mumbai,Pune,Road,7.36,423.2,666.1,2.67,2.96,0.76,7605.65,2559.04,223.86,10388.55,4.47,Delayed
SHP0828,2026-02-02,Delhi,Ahmedabad,Road,11.52,937.4,1321.7,3.68,3.51,0.0,24082.69,7336.88,367.9,31787.48,5.0,On Time
SHP0829,2026-05-21,Bengaluru,Bengaluru,Rail,12.49,678.5,621.0,3.21,4.18,1.5,6696.59,1585.42,387.62,8669.63,4.09,Delayed
SHP0830,2026-03-25,Mumbai,Jaipur,Road,8.73,419.6,126.2,1.84,2.31,0.86,1332.14,475.73,310.29,2118.16,4.57,Delayed
SHP0831,2026-05-15,Chennai,Ahmedabad,Road,7.93,361.9,588.9,2.56,3.91,1.22,5299.0,1620.45,281.09,7200.55,4.78,Delayed
SHP0832,2026-03-20,Delhi,Pune,Road,10.35,457.4,1294.7,3.64,3.56,0.33,14813.78,4849.2,309.47,19972.44,4.77,On Time
SHP0833,2026-01-14,Delhi,Lucknow,Road,18.52,729.8,363.6,2.21,3.03,0.43,6122.18,1887.77,436.02,8445.97,4.36,On Time
SHP0834,2026-05-27,Delhi,Hyderabad,Road,10.84,701.7,505.1,2.43,3.49,1.09,7993.39,2076.17,281.76,10351.32,4.35,Delayed
SHP0835,2026-05-08,Chennai,Ahmedabad,Road,11.09,796.6,579.7,2.54,2.57,0.0,9539.26,3304.82,332.41,13176.49,4.84,On Time
SHP0836,2026-02-23,Chennai,Ahmedabad,Road,10.14,395.7,98.7,1.8,2.15,0.44,1060.69,347.69,261.46,1669.84,5.0,On Time
SHP0837,2026-05-28,Kolkata,Jaipur,Sea,1.03,70.7,1926.3,6.86,7.62,0.49,6391.27,1030.81,103.67,7525.75,5.0,On Time
SHP0838,2026-01-29,Mumbai,Jaipur,Road,24.88,901.5,361.8,2.21,2.48,0.0,6279.79,1792.43,608.14,8680.36,5.0,On Time
SHP0839,2026-01-24,Kolkata,Ahmedabad,Rail,5.34,209.4,903.0,3.64,3.76,0.0,4630.25,983.42,282.56,5896.23,4.55,On Time
SHP0840,2026-03-23,Mumbai,Pune,Rail,10.41,520.3,614.4,3.2,5.28,1.89,5788.09,1207.4,321.2,7316.69,3.53,Delayed
SHP0841,2026-03-04,Chennai,Hyderabad,Road,1.99,71.9,1472.1,3.91,3.95,0.11,9147.1,2457.95,194.58,11799.63,4.94,On Time
SHP0842,2026-04-15,Chennai,Jaipur,Rail,4.74,349.8,846.3,3.55,5.46,1.71,5468.6,1388.22,196.77,7053.59,4.18,Delayed
SHP0843,2026-02-26,Kolkata,Pune,Road,4.77,282.9,558.0,2.51,4.26,1.87,4842.04,1390.11,158.99,6391.14,3.84,Delayed
SHP0844,2026-05-16,Bengaluru,Lucknow,Sea,17.72,797.6,363.6,4.46,4.46,0.0,3039.25,788.76,460.3,4288.31,4.83,On Time
SHP0845,2026-03-03,Kolkata,Jaipur,Road,7.44,422.6,1091.8,3.33,3.23,0.0,10763.77,3511.36,273.81,14548.93,4.79,On Time
SHP0846,2026-06-06,Mumbai,Pune,Road,9.34,347.7,192.3,1.95,5.15,3.36,2067.75,496.48,290.56,2854.8,3.14,Delayed
SHP0847,2026-01-17,Kolkata,Pune,Road,5.86,449.2,989.1,3.17,5.48,2.55,10774.33,3232.4,217.04,14223.77,2.76,Delayed
SHP0848,2026-03-07,Delhi,Hyderabad,Sea,0.73,35.2,318.2,4.39,5.07,0.52,949.37,179.29,166.84,1295.5,4.33,Delayed
SHP0849,2026-01-06,Mumbai,Hyderabad,Road,4.96,231.2,1467.0,3.91,5.42,1.06,10874.16,3466.51,174.8,14515.47,4.2,Delayed
SHP0850,2026-02-27,Mumbai,Lucknow,Rail,5.7,254.0,721.8,3.36,3.77,0.0,4227.72,925.52,195.54,5348.78,5.0,On Time
SHP0851,2026-03-10,Bengaluru,Pune,Road,7.87,489.4,988.0,3.17,3.96,1.23,10262.4,3223.99,226.46,13712.85,4.04,Delayed
SHP0852,2026-06-05,Chennai,Bengaluru,Rail,3.21,180.2,685.6,3.3,3.76,0.0,3682.99,889.04,180.81,4752.84,5.0,On Time
SHP0853,2026-03-03,Mumbai,Pune,Road,9.84,386.0,208.1,1.97,1.86,0.0,2171.68,758.43,259.07,3189.19,5.0,On Time
SHP0854,2026-06-18,Chennai,Hyderabad,Air,4.96,328.2,371.5,1.25,1.46,0.0,8248.66,2041.09,185.36,10475.11,5.0,On Time
SHP0855,2026-03-23,Kolkata,Bengaluru,Road,6.04,239.2,1006.3,3.2,3.7,0.82,7296.54,2395.68,203.95,9896.16,4.99,Delayed
SHP0856,2026-06-18,Delhi,Jaipur,Road,5.23,249.2,724.4,2.76,2.81,0.0,5573.79,1887.07,205.08,7665.94,4.98,On Time
SHP0857,2026-06-26,Bengaluru,Jaipur,Road,7.9,326.4,1400.5,3.8,4.65,0.73,11795.4,4308.0,210.1,16313.5,4.43,Delayed
SHP0858,2026-06-26,Chennai,Ahmedabad,Road,2.07,88.3,844.8,2.95,2.43,0.0,4772.61,1425.3,160.25,6358.17,4.77,On Time
SHP0859,2026-03-12,Mumbai,Hyderabad,Rail,8.1,529.0,346.8,2.78,3.0,0.0,3051.96,812.94,309.54,4174.44,4.92,On Time
SHP0860,2026-05-11,Chennai,Ahmedabad,Road,4.4,208.4,387.4,2.25,4.37,1.65,3023.35,915.23,203.91,4142.49,3.94,Delayed
SHP0861,2026-01-10,Mumbai,Bengaluru,Air,7.61,293.9,695.0,1.74,2.48,0.8,14575.17,3738.84,310.86,18624.87,4.76,Delayed
SHP0862,2026-04-08,Chennai,Hyderabad,Road,14.79,781.7,144.4,1.87,3.14,0.79,2329.06,764.86,432.83,3526.75,4.71,Delayed
SHP0863,2026-03-30,Mumbai,Lucknow,Road,14.67,534.1,1928.9,4.62,7.03,2.48,22561.77,8508.5,411.25,31481.53,3.84,Delayed
SHP0864,2026-02-04,Kolkata,Pune,Road,3.06,159.1,866.2,2.98,4.56,1.28,5668.2,1964.43,177.71,7810.34,4.74,Delayed
SHP0865,2026-01-02,Mumbai,Lucknow,Road,0.5,29.5,1443.1,3.87,5.34,2.25,6725.31,1818.25,129.79,8673.35,4.42,Delayed
SHP0866,2026-05-04,Mumbai,Bengaluru,Rail,8.39,460.1,232.7,2.61,3.54,0.09,1979.6,422.29,297.71,2699.61,4.99,On Time
SHP0867,2026-01-24,Delhi,Hyderabad,Road,8.19,300.9,1459.6,3.9,4.79,0.37,13523.98,3999.43,253.77,17777.19,5.0,On Time
SHP0868,2026-03-15,Mumbai,Bengaluru,Road,6.63,387.3,2772.3,5.92,6.11,0.3,26296.8,8322.98,173.43,34793.21,4.71,On Time
SHP0869,2026-06-15,Delhi,Pune,Air,13.57,524.2,275.4,1.1,0.53,0.12,7121.48,2240.39,381.53,9743.4,5.0,On Time
SHP0870,2026-01-22,Bengaluru,Jaipur,Sea,14.89,570.4,1073.2,5.55,7.17,1.51,7956.46,1792.83,348.36,10097.65,4.54,Delayed
SHP0871,2026-06-03,Delhi,Jaipur,Road,4.69,266.4,650.5,2.65,4.25,2.1,5861.87,1807.59,170.72,7840.19,4.2,Delayed
SHP0872,2026-06-20,Kolkata,Bengaluru,Road,4.31,323.2,238.2,2.02,3.93,1.76,2308.5,784.39,197.58,3290.47,4.06,Delayed
SHP0873,2026-02-08,Delhi,Ahmedabad,Rail,10.15,430.3,895.5,3.63,3.77,0.0,6611.92,1529.95,299.39,8441.26,4.77,On Time
SHP0874,2026-06-06,Bengaluru,Hyderabad,Road,7.58,446.2,1117.5,3.37,4.92,1.88,11701.49,4303.83,207.0,16212.33,3.48,Delayed
SHP0875,2026-01-20,Kolkata,Hyderabad,Road,9.45,385.1,439.8,2.33,2.72,0.0,5014.4,1504.9,295.82,6815.12,4.99,On Time
SHP0876,2026-02-10,Chennai,Jaipur,Road,14.02,734.8,1386.9,3.78,5.76,1.7,22675.54,6444.41,406.21,29526.17,4.6,Delayed
SHP0877,2026-05-28,Chennai,Lucknow,Rail,8.76,443.4,220.0,2.59,3.11,0.18,1610.06,439.79,238.26,2288.11,4.79,On Time
SHP0878,2026-04-18,Delhi,Pune,Rail,12.71,520.0,246.0,2.63,3.88,1.25,2252.11,448.09,393.34,3093.53,4.59,Delayed
SHP0879,2026-05-27,Delhi,Lucknow,Road,7.32,403.9,710.4,2.74,2.25,0.0,7919.49,2515.83,197.12,10632.44,5.0,On Time
SHP0880,2026-03-25,Bengaluru,Lucknow,Road,3.42,179.3,660.8,2.67,4.98,1.97,4564.99,1454.94,255.71,6275.65,3.82,Delayed
SHP0881,2026-04-21,Bengaluru,Bengaluru,Road,4.16,230.8,408.0,2.28,2.18,0.0,3207.49,928.72,180.45,4316.66,5.0,On Time
SHP0882,2026-03-07,Mumbai,Jaipur,Rail,2.76,154.5,1100.2,3.94,3.46,0.0,4878.0,1286.06,174.82,6338.88,3.98,On Time
SHP0883,2026-06-07,Bengaluru,Jaipur,Road,12.36,605.7,917.9,3.06,3.54,0.0,11152.47,4044.79,276.34,15473.6,4.57,On Time
SHP0884,2026-02-22,Mumbai,Jaipur,Road,2.91,116.6,1135.4,3.4,4.13,0.0,7606.68,1948.36,170.18,9725.22,4.68,On Time
SHP0885,2026-02-03,Kolkata,Bengaluru,Air,5.61,315.4,600.0,1.6,2.23,0.64,11972.3,2921.58,228.98,15122.85,4.36,Delayed
SHP0886,2026-05-30,Delhi,Ahmedabad,Road,5.61,275.4,961.6,3.13,6.49,2.61,8952.42,2489.88,218.04,11660.35,3.68,Delayed
SHP0887,2026-03-08,Kolkata,Lucknow,Rail,6.16,271.0,486.5,3.0,6.25,3.22,3244.5,705.05,211.17,4160.72,3.33,Delayed
SHP0888,2026-05-14,Bengaluru,Bengaluru,Road,4.66,285.6,2470.0,5.45,7.01,1.7,19509.63,7396.83,170.71,27077.17,4.2,Delayed
SHP0889,2026-01-27,Kolkata,Hyderabad,Road,13.32,810.2,383.3,2.24,3.94,1.92,6225.21,2253.09,399.33,8877.62,4.15,Delayed
SHP0890,2026-01-10,Kolkata,Pune,Road,2.25,83.4,2554.0,5.58,7.98,1.83,16110.41,4432.16,161.53,20704.1,3.66,Delayed
SHP0891,2026-03-14,Kolkata,Ahmedabad,Rail,16.15,685.1,664.9,3.27,4.05,1.05,7181.86,1786.12,464.66,9432.64,4.0,Delayed
SHP0892,2026-04-06,Bengaluru,Hyderabad,Air,6.38,300.4,265.8,1.08,1.55,0.21,5828.85,1441.73,216.4,7486.98,5.0,On Time
SHP0893,2026-02-17,Kolkata,Lucknow,Air,12.3,549.9,1581.7,3.11,4.46,1.55,44008.4,13449.3,326.13,57783.83,3.93,Delayed
SHP0894,2026-03-11,Mumbai,Jaipur,Road,4.49,360.5,705.4,2.74,3.91,1.34,6886.02,1961.19,229.45,9076.65,3.71,Delayed
SHP0895,2026-04-10,Bengaluru,Lucknow,Rail,3.62,165.6,1130.3,3.99,4.35,0.0,5671.28,1244.66,128.44,7044.38,5.0,On Time
SHP0896,2026-02-28,Kolkata,Bengaluru,Road,14.53,720.8,1440.1,3.87,4.46,0.72,24155.42,7161.06,339.01,31655.48,5.0,Delayed
SHP0897,2026-01-02,Bengaluru,Pune,Road,13.7,660.8,809.7,2.9,3.5,0.74,11018.12,3111.22,405.01,14534.35,5.0,Delayed
SHP0898,2026-06-06,Chennai,Bengaluru,Air,3.09,174.0,442.3,1.36,3.13,1.38,8023.96,2033.99,134.59,10192.54,4.31,Delayed
SHP0899,2026-03-06,Mumbai,Ahmedabad,Road,6.38,479.7,1225.6,3.54,4.09,0.0,13416.19,4886.9,171.21,18474.3,5.0,On Time
SHP0900,2026-03-24,Kolkata,Ahmedabad,Road,3.59,237.5,650.3,2.65,3.62,0.75,5886.18,1551.47,249.93,7687.58,5.0,Delayed
SHP0901,2026-06-03,Chennai,Pune,Road,3.28,120.4,1015.1,3.21,5.69,2.71,6776.24,1896.35,130.17,8802.76,3.28,Delayed
SHP0902,2026-01-10,Chennai,Hyderabad,Road,3.87,208.8,160.3,1.9,3.68,1.96,1221.35,411.47,196.12,1828.94,4.31,Delayed
SHP0903,2026-02-22,Bengaluru,Hyderabad,Road,13.59,698.0,869.1,2.99,5.16,2.15,13151.91,4394.91,367.0,17913.82,3.91,Delayed
SHP0904,2026-03-20,Chennai,Ahmedabad,Rail,7.16,557.3,429.2,2.91,3.6,0.57,3579.95,869.72,150.46,4600.13,5.0,Delayed
SHP0905,2026-02-28,Mumbai,Ahmedabad,Road,3.62,287.6,1903.8,4.58,6.15,1.92,15884.65,4869.88,175.88,20930.41,4.01,Delayed
SHP0906,2026-05-30,Mumbai,Jaipur,Air,16.43,699.8,974.6,2.17,3.98,1.55,29900.79,9609.25,431.39,39941.44,4.6,Delayed
SHP0907,2026-06-28,Delhi,Hyderabad,Air,13.05,633.3,759.7,1.84,3.98,2.11,21799.07,6749.87,367.35,28916.29,3.92,Delayed
SHP0908,2026-02-17,Mumbai,Pune,Road,4.21,209.0,891.7,3.02,2.42,0.0,6605.73,1861.56,227.39,8694.68,4.48,On Time
SHP0909,2026-05-29,Chennai,Hyderabad,Road,12.6,792.7,339.7,2.17,1.85,0.0,5811.86,1641.54,333.16,7786.56,5.0,On Time
SHP0910,2026-05-03,Mumbai,Jaipur,Road,6.55,273.7,1867.0,4.52,7.26,2.91,16513.08,5507.29,262.76,22283.13,3.07,Delayed
SHP0911,2026-01-22,Bengaluru,Bengaluru,Rail,4.36,297.0,2371.7,5.9,6.95,1.07,13345.12,3726.37,174.42,17245.91,4.85,Delayed
SHP0912,2026-04-10,Delhi,Ahmedabad,Road,1.28,85.2,839.1,2.94,3.73,0.13,5375.15,1662.16,93.69,7130.99,4.9,On Time
SHP0913,2026-04-08,Chennai,Ahmedabad,Rail,4.55,234.7,1827.6,5.06,5.24,0.1,10478.09,2616.03,156.42,13250.54,5.0,On Time
SHP0914,2026-06-07,Delhi,Jaipur,Road,5.25,316.8,449.0,2.34,2.29,0.24,4608.96,1444.69,163.39,6217.04,5.0,On Time
SHP0915,2026-01-25,Chennai,Pune,Rail,6.55,410.4,387.2,2.85,2.92,0.0,2963.4,631.17,273.22,3867.8,5.0,On Time
SHP0916,2026-01-28,Bengaluru,Ahmedabad,Road,3.71,166.0,667.5,2.68,5.44,2.89,4351.48,1528.0,133.68,6013.17,3.59,Delayed
SHP0917,2026-04-23,Delhi,Lucknow,Road,4.82,215.2,862.4,2.98,3.87,0.78,6666.1,1737.07,216.42,8619.6,4.72,Delayed
SHP0918,2026-02-14,Kolkata,Ahmedabad,Sea,20.21,802.1,503.1,4.67,5.37,0.49,4463.72,1025.51,474.43,5963.66,4.02,On Time
SHP0919,2026-03-09,Chennai,Lucknow,Air,11.41,610.5,922.0,2.09,3.65,1.14,25240.86,7765.48,321.72,33328.07,4.42,Delayed
SHP0920,2026-01-07,Kolkata,Jaipur,Road,8.86,672.5,793.2,2.87,4.62,1.76,10067.84,3441.9,327.15,13836.89,3.64,Delayed
SHP0921,2026-02-18,Delhi,Jaipur,Air,5.45,332.8,339.7,1.2,3.27,1.5,6717.83,2197.49,202.76,9118.08,4.24,Delayed
SHP0922,2026-05-17,Kolkata,Ahmedabad,Road,11.55,417.3,910.7,3.05,5.24,1.87,9154.58,3348.01,349.34,12851.93,3.57,Delayed
SHP0923,2026-06-13,Kolkata,Hyderabad,Air,10.46,485.7,1139.4,2.43,2.18,0.0,29966.79,7128.2,309.63,37404.62,4.59,On Time
SHP0924,2026-03-24,Delhi,Lucknow,Air,18.59,795.8,726.6,1.79,2.82,0.25,26794.36,7714.89,449.23,34958.48,5.0,On Time
SHP0925,2026-05-09,Bengaluru,Pune,Road,1.44,118.5,1375.0,3.77,5.45,1.57,8017.96,2493.96,226.34,10738.27,4.51,Delayed
SHP0926,2026-05-18,Kolkata,Ahmedabad,Road,5.07,249.7,294.6,2.1,2.08,0.27,2539.36,723.16,160.74,3423.25,4.85,On Time
SHP0927,2026-06-13,Kolkata,Pune,Road,4.99,395.9,881.1,3.01,4.38,0.79,9357.28,3119.92,254.91,12732.11,4.63,Delayed
SHP0928,2026-03-14,Bengaluru,Ahmedabad,Road,7.64,361.8,303.8,2.12,4.04,1.2,2856.09,875.55,280.43,4012.08,4.25,Delayed
SHP0929,2026-02-15,Kolkata,Hyderabad,Rail,5.71,213.5,315.1,2.73,4.06,1.34,1498.56,453.34,205.93,2157.83,4.47,Delayed
SHP0930,2026-04-16,Kolkata,Hyderabad,Road,12.71,462.5,431.3,2.31,2.14,0.0,4395.18,1380.06,405.9,6181.14,4.76,On Time
SHP0931,2026-06-09,Kolkata,Hyderabad,Road,5.28,255.8,352.4,2.19,3.65,1.51,2870.48,941.62,150.4,3962.5,4.51,Delayed
SHP0932,2026-02-01,Mumbai,Bengaluru,Air,6.7,346.6,455.2,1.38,1.94,0.32,9251.23,2856.76,222.35,12330.33,4.74,On Time
SHP0933,2026-01-06,Bengaluru,Hyderabad,Sea,12.23,451.0,565.5,4.77,6.47,1.26,3236.66,684.09,297.86,4218.61,4.16,Delayed
SHP0934,2026-06-25,Kolkata,Jaipur,Road,6.0,263.4,1120.0,3.37,5.15,1.58,9781.21,2742.12,242.4,12765.72,4.14,Delayed
SHP0935,2026-06-15,Bengaluru,Jaipur,Road,6.93,531.8,527.5,2.46,4.91,2.41,6582.52,2248.16,205.85,9036.54,3.47,Delayed
SHP0936,2026-05-25,Chennai,Bengaluru,Road,11.4,585.8,231.9,2.01,4.68,2.15,2845.42,1033.49,340.28,4219.19,3.93,Delayed
SHP0937,2026-03-15,Chennai,Lucknow,Road,3.46,218.7,1363.8,3.75,5.79,2.15,10276.71,3065.97,175.84,13518.52,3.63,Delayed
SHP0938,2026-04-24,Kolkata,Pune,Sea,4.97,254.7,377.2,4.48,6.83,1.99,1707.49,363.35,192.7,2263.54,4.07,Delayed
SHP0939,2026-01-27,Bengaluru,Ahmedabad,Road,3.52,182.7,625.7,2.61,3.6,1.09,4969.86,1193.7,197.02,6360.58,4.83,Delayed
SHP0940,2026-02-23,Bengaluru,Ahmedabad,Rail,7.29,342.1,868.9,3.59,4.32,0.58,6148.8,1272.33,241.85,7662.98,4.43,Delayed
SHP0941,2026-06-27,Bengaluru,Bengaluru,Road,7.26,410.2,740.1,2.79,4.42,1.67,7935.42,2423.7,212.65,10571.77,4.03,Delayed
SHP0942,2026-06-12,Mumbai,Jaipur,Rail,4.08,278.9,1323.7,4.29,5.55,1.28,7730.07,1669.64,291.49,9691.2,4.46,Delayed
SHP0943,2026-03-26,Chennai,Ahmedabad,Rail,8.1,403.7,887.4,3.62,3.72,0.24,6257.31,1727.29,248.72,8233.31,4.71,On Time
SHP0944,2026-05-07,Bengaluru,Jaipur,Air,6.34,250.6,371.3,1.25,2.67,0.95,7695.39,1996.11,156.42,9847.92,4.64,Delayed
SHP0945,2026-06-02,Bengaluru,Lucknow,Road,5.78,255.6,2678.6,5.77,7.08,1.56,19918.42,7730.06,194.62,27843.1,4.33,Delayed
SHP0946,2026-06-05,Mumbai,Pune,Road,7.35,422.3,737.5,2.78,2.53,0.0,8866.32,2611.87,208.02,11686.22,5.0,On Time
SHP0947,2026-04-21,Mumbai,Lucknow,Road,7.18,266.1,590.6,2.56,5.39,2.09,5225.79,1736.75,278.09,7240.62,3.64,Delayed
SHP0948,2026-01-15,Bengaluru,Bengaluru,Sea,8.81,331.3,1216.2,5.77,6.72,0.61,6330.54,1349.12,289.87,7969.53,4.34,Delayed
SHP0949,2026-05-12,Delhi,Hyderabad,Air,6.61,430.8,764.4,1.85,3.61,2.6,16952.68,5335.52,252.99,22541.19,3.46,Delayed
SHP0950,2026-04-03,Bengaluru,Hyderabad,Rail,5.06,400.4,842.6,3.55,3.35,0.0,6266.66,1691.26,198.07,8155.99,4.66,On Time
SHP0951,2026-05-03,Bengaluru,Hyderabad,Rail,6.03,252.8,3000.0,6.87,7.02,0.79,17269.65,4292.1,218.78,21780.53,4.76,Delayed
SHP0952,2026-03-14,Mumbai,Lucknow,Rail,15.61,618.6,543.6,3.09,3.34,0.58,4643.65,1085.09,388.07,6116.81,4.27,Delayed
SHP0953,2026-06-04,Mumbai,Ahmedabad,Road,3.13,113.9,528.7,2.46,3.3,1.94,3163.22,1053.14,173.5,4389.86,4.75,Delayed
SHP0954,2026-06-03,Bengaluru,Pune,Sea,0.61,23.3,701.2,4.98,5.88,0.95,2030.16,422.34,160.26,2612.76,4.93,Delayed
SHP0955,2026-05-27,Bengaluru,Hyderabad,Road,10.23,473.6,1304.3,3.66,4.37,1.11,15179.51,5102.41,315.97,20597.89,4.39,Delayed
SHP0956,2026-04-02,Bengaluru,Bengaluru,Road,8.11,395.9,244.1,2.03,2.05,0.0,2481.76,805.99,283.46,3571.21,5.0,On Time
SHP0957,2026-01-17,Mumbai,Bengaluru,Road,2.07,166.6,181.2,1.93,1.36,0.0,1150.98,403.76,174.81,1729.56,4.43,On Time
SHP0958,2026-02-12,Bengaluru,Hyderabad,Road,5.85,367.0,443.8,2.33,3.48,1.12,4649.18,1568.57,256.28,6474.04,5.0,Delayed
SHP0959,2026-05-01,Bengaluru,Hyderabad,Road,4.49,231.8,224.7,2.0,1.85,0.0,1889.61,479.56,210.84,2580.01,4.79,On Time
SHP0960,2026-02-10,Kolkata,Pune,Rail,10.02,454.5,493.2,3.01,3.55,0.02,3949.2,982.25,312.99,5244.44,4.95,On Time
SHP0961,2026-06-19,Delhi,Hyderabad,Road,0.6,28.9,901.1,3.04,4.83,1.3,4603.43,1229.03,172.49,6004.96,3.63,Delayed
SHP0962,2026-06-27,Chennai,Pune,Rail,7.03,294.5,364.3,2.81,3.09,0.0,2221.0,562.1,223.32,3006.42,5.0,On Time
SHP0963,2026-06-17,Delhi,Bengaluru,Road,4.05,245.9,257.1,2.05,4.34,2.41,2160.9,663.57,162.96,2987.43,3.29,Delayed
SHP0964,2026-02-08,Kolkata,Hyderabad,Road,11.21,532.9,680.0,2.7,5.41,2.02,7862.62,2362.71,280.3,10505.63,3.92,Delayed
SHP0965,2026-04-23,Chennai,Lucknow,Road,1.18,87.6,1138.7,3.4,2.86,0.0,7482.63,1807.7,147.56,9437.89,4.81,On Time
SHP0966,2026-05-31,Bengaluru,Lucknow,Road,6.58,353.3,216.0,1.98,1.49,0.0,2154.74,675.19,173.53,3003.47,4.62,On Time
SHP0967,2026-04-21,Kolkata,Bengaluru,Rail,11.29,470.4,1107.8,3.95,3.92,0.0,8411.74,1907.41,339.4,10658.54,4.72,On Time
SHP0968,2026-06-29,Bengaluru,Pune,Road,20.23,875.9,1105.7,3.35,4.16,0.02,18889.83,5677.92,480.29,25048.04,5.0,On Time
SHP0969,2026-02-16,Mumbai,Lucknow,Rail,7.1,255.1,1208.5,4.11,5.35,1.32,7524.87,1833.16,287.6,9645.63,3.83,Delayed
SHP0970,2026-03-04,Kolkata,Pune,Road,6.81,414.2,1435.1,3.86,4.18,0.39,14035.66,4501.4,219.11,18756.16,4.53,On Time
SHP0971,2026-04-20,Mumbai,Lucknow,Rail,1.84,92.2,2719.7,6.43,7.74,1.81,10783.77,2587.61,146.05,13517.43,4.24,Delayed
SHP0972,2026-03-10,Kolkata,Lucknow,Sea,5.92,342.9,515.7,4.69,5.02,0.0,2730.34,649.44,265.88,3645.66,5.0,On Time
SHP0973,2026-02-12,Kolkata,Pune,Rail,12.25,643.3,698.0,3.32,5.01,1.35,6459.25,1530.07,388.99,8378.32,4.43,Delayed
SHP0974,2026-06-25,Mumbai,Ahmedabad,Road,22.64,880.5,495.9,2.41,2.93,0.24,9212.16,2659.22,503.7,12375.09,4.54,On Time
SHP0975,2026-02-03,Chennai,Lucknow,Road,10.02,436.5,650.8,2.65,3.24,0.81,6503.95,2293.77,306.67,9104.38,4.42,Delayed
SHP0976,2026-02-09,Delhi,Hyderabad,Road,2.96,113.4,1760.5,4.36,5.62,1.51,11813.62,3533.21,183.6,15530.43,4.18,Delayed
SHP0977,2026-03-02,Bengaluru,Bengaluru,Rail,10.67,699.5,271.2,2.67,2.21,0.0,2490.16,769.79,325.16,3585.11,4.88,On Time
SHP0978,2026-06-27,Kolkata,Ahmedabad,Road,2.96,114.1,371.4,2.22,2.25,0.0,2073.83,780.18,164.17,3018.18,5.0,On Time
SHP0979,2026-03-03,Bengaluru,Pune,Road,2.02,155.7,1591.0,4.1,6.29,2.57,12065.89,3562.24,201.16,15829.28,3.66,Delayed
SHP0980,2026-02-27,Mumbai,Ahmedabad,Rail,19.19,731.8,1261.4,4.19,4.73,0.95,13591.04,3032.91,399.21,17023.16,4.8,Delayed
SHP0981,2026-06-10,Bengaluru,Jaipur,Road,5.67,328.3,513.3,2.44,4.14,1.85,4657.86,1274.73,207.3,6139.9,3.87,Delayed
SHP0982,2026-03-16,Mumbai,Jaipur,Air,4.05,237.5,1132.7,2.42,3.12,0.87,19676.87,5378.73,208.5,25264.11,4.98,Delayed
SHP0983,2026-01-16,Bengaluru,Lucknow,Road,10.23,506.4,811.4,2.9,3.65,0.94,9986.47,2716.0,320.06,13022.53,4.42,Delayed
SHP0984,2026-03-23,Delhi,Lucknow,Road,10.24,378.5,1723.6,4.3,4.46,0.0,17497.44,5747.47,351.63,23596.55,4.66,On Time
SHP0985,2026-04-04,Delhi,Hyderabad,Rail,7.81,612.0,682.3,3.3,3.61,0.28,7146.98,1649.48,302.55,9099.01,5.0,On Time
SHP0986,2026-02-17,Delhi,Bengaluru,Road,6.85,388.6,1266.0,3.6,4.27,0.77,14518.19,3480.94,233.36,18232.5,3.94,Delayed
SHP0987,2026-05-18,Delhi,Ahmedabad,Rail,10.12,393.7,3000.0,6.87,10.23,3.3,22260.73,5742.83,347.67,28351.23,2.92,Delayed
SHP0988,2026-03-23,Delhi,Jaipur,Road,11.01,600.2,958.9,3.13,4.27,1.49,12599.19,3724.37,293.1,16616.66,3.96,Delayed
SHP0989,2026-02-07,Delhi,Lucknow,Road,4.95,325.7,671.2,2.68,5.06,2.34,6275.65,1895.91,241.61,8413.17,4.59,Delayed
SHP0990,2026-05-07,Mumbai,Bengaluru,Air,3.63,193.3,1039.6,2.27,3.47,1.15,18560.0,4909.2,248.78,23717.98,5.0,Delayed
SHP0991,2026-01-19,Kolkata,Ahmedabad,Air,9.49,522.5,512.6,1.46,0.94,0.0,12966.45,3841.72,333.41,17141.59,5.0,On Time
SHP0992,2026-06-13,Bengaluru,Lucknow,Rail,7.68,288.1,3000.0,6.87,8.68,1.47,17634.19,4314.52,261.87,22210.58,4.08,Delayed
SHP0993,2026-03-04,Delhi,Lucknow,Road,9.83,406.6,730.7,2.77,3.5,1.04,6912.92,2078.98,285.42,9277.32,5.0,Delayed
SHP0994,2026-03-18,Mumbai,Jaipur,Rail,1.55,77.0,544.3,3.09,3.12,0.0,1964.09,483.43,94.33,2541.85,5.0,On Time
SHP0995,2026-06-23,Mumbai,Jaipur,Road,8.84,317.8,377.6,2.23,3.05,0.42,3240.07,1159.83,290.0,4689.9,5.0,On Time
SHP0996,2026-05-11,Mumbai,Lucknow,Road,4.83,248.2,1326.3,3.69,4.61,0.59,10908.56,3745.64,167.83,14822.03,4.74,Delayed
SHP0997,2026-04-12,Kolkata,Pune,Sea,0.97,75.0,1142.1,5.66,7.82,2.16,3709.67,700.93,109.71,4520.31,3.8,Delayed
SHP0998,2026-03-06,Bengaluru,Lucknow,Road,5.24,323.8,470.5,2.37,2.25,0.0,4380.19,1321.26,172.73,5874.18,4.91,On Time
SHP0999,2026-04-30,Kolkata,Bengaluru,Sea,6.27,330.3,945.5,5.35,7.44,1.76,4523.01,1092.81,216.73,5832.54,3.96,Delayed
SHP1000,2026-04-01,Chennai,Lucknow,Road,6.14,423.4,243.8,2.03,2.26,0.0,2364.13,925.88,229.6,3519.62,5.0,On Time
